"","ARO1","term1","ARO2","term2","n_unigenes","gene_class1","gene_class2"
"1","ARO:3000777","adeF","ARO:3003010","ceoB",534,"efflux pump","efflux pump"
"2","ARO:3000777","adeF","ARO:3003923","oqxB",372,"efflux pump","efflux pump"
"3","ARO:3000777","adeF","ARO:3000804","MexF",361,"efflux pump","efflux pump"
"4","ARO:3000777","adeF","ARO:3000378","MexB",330,"efflux pump","efflux pump"
"5","ARO:3007015","Pseudomonas aeruginosa emrE","ARO:3004038","qacG",303,"efflux pump","efflux pump"
"6","ARO:3002882","lmrD","ARO:3000025","patB",252,"efflux pump","efflux pump"
"7","ARO:3002884","iri","ARO:3007209","Streptomyces venezuelae rox",199,"rifampin inactivation enzyme","rifampin inactivation enzyme"
"8","ARO:3002894","oleC","ARO:3003748","otr(C)",190,"efflux pump","efflux pump"
"9","ARO:3000074","emrB","ARO:3004597","Klebsiella pneumoniae KpnH",145,"efflux pump","efflux pump"
"10","ARO:3000617","mecA","ARO:3001209","mecC",133,"PBP","PBP"
"11","ARO:3000830","cpxA","ARO:0010004","resistance-nodulation-cell division (RND) antibiotic efflux pump",108,"efflux pump","efflux pump"
"12","ARO:3003725","vanX gene in vanI cluster","ARO:3002954","vanX gene in vanO cluster",105,"van","van"
"13","ARO:3000379","OprM","ARO:0010004","resistance-nodulation-cell division (RND) antibiotic efflux pump",99,"efflux pump","efflux pump"
"14","ARO:3004039","Escherichia coli emrE","ARO:3007015","qacG",98,"efflux pump","efflux pump"
"15","ARO:3000777","adeF","ARO:3000801","MexD",93,"efflux pump","efflux pump"
"16","ARO:3006225","cepA","ARO:3003559","CepA-44",90,"class A beta-lactamase","class A beta-lactamase"
"17","ARO:3004629",NA,"ARO:3000345",NA,87,"aac",NA
"18","ARO:3001328","Escherichia coli mdfA","ARO:0010002","major facilitator superfamily (MFS) antibiotic efflux pump",86,"MFS efflux pump","MFS efflux pump"
"19","ARO:3000501","Bifidobacterium adolescentis rpoB mutants conferring resistance to rifampicin","ARO:3004480","rpoB2",84,"rpoB","rpoB"
"20","ARO:3007209","Nocardia farcinica rox","ARO:3007210","Streptomyces venezuelae rox",81,"rifampin inactivation enzyme","rifampin inactivation enzyme"
"21","ARO:3002923","vanR gene in vanD cluster","ARO:3002926","vanR gene in vanG cluster",76,"van","van"
"22","ARO:3008082","BOR-1","ARO:3007635","CAE-1",73,"class A beta-lactamase","class A beta-lactamase"
"23","ARO:3007015","qacG","ARO:3007014","qacJ",73,"efflux pump","efflux pump"
"24","ARO:3004054","Pseudomonas aeruginosa CpxR","ARO:0010004","resistance-nodulation-cell division (RND) antibiotic efflux pump",71,"efflux pump","efflux pump"
"25","ARO:3002686","catP","ARO:3002688","catS",71,"cat","cat"
"26","ARO:3000777","adeF","ARO:3000790","mdsB",70,"efflux pump","efflux pump"
"27","ARO:3002913","vanI","ARO:3003723","vanO",70,"van","van"
"28","ARO:3004038","Pseudomonas aeruginosa emrE","ARO:3007014","qacJ",69,"efflux pump","efflux pump"
"29","ARO:3004039","Escherichia coli emrE","ARO:3007014","qacJ",64,"efflux pump","efflux pump"
"30","ARO:3000463","gimA","ARO:3000865","oleD",63,"mgt","mgt"
"31","ARO:3005098","qacG","ARO:3007015","qacL",63,"efflux pump","efflux pump"
"32","ARO:3003056","resistance-nodulation-cell division (RND) antibiotic efflux pump","ARO:0010004","smeE",61,"efflux pump","efflux pump"
"33","ARO:3003801","bcr-1","ARO:0010002","major facilitator superfamily (MFS) antibiotic efflux pump",60,"MFS efflux pump","MFS efflux pump"
"34","ARO:3003562","blaF","ARO:3005111","blaS1",60,"class A beta-lactamase","class A beta-lactamase"
"35","ARO:3002884","iri","ARO:3007210","Nocardia farcinica rox",58,"rifampin inactivation enzyme","rifampin inactivation enzyme"
"36","ARO:3007015","abeS","ARO:3000768","qacG",57,"efflux pump","efflux pump"
"37","ARO:3000777","acrB","ARO:3000216","adeF",57,"efflux pump","efflux pump"
"38","ARO:3000777","acrD","ARO:3000491","adeF",57,"efflux pump","efflux pump"
"39","ARO:3000198","FosI","ARO:3007370","FosX",56,"fos","fos"
"40","ARO:3002846","arr-1","ARO:3002849","arr-4",56,"rifampin inactivation enzyme","rifampin inactivation enzyme"
"41","ARO:3002531","AAC(3)-Ic","ARO:3002529","AAC(3)-Id",55,"aac","aac"
"42","ARO:3000777","adeF","ARO:3000811","mtrD",51,"efflux pump","efflux pump"
"43","ARO:3000149","FosA","ARO:3007371","FosA8",48,"fos","fos"
"44","ARO:3004042","Enterobacter cloacae acrA","ARO:3007509","Shigella flexneri acrA",47,"efflux pump","efflux pump"
"45","ARO:3000777","AcrF","ARO:3000502","adeF",43,"efflux pump","efflux pump"
"46","ARO:3000569","tet(30)","ARO:3000561","tet(41)",43,"MFS efflux pump","MFS efflux pump"
"47","ARO:3002841","vatB","ARO:3003744","vatF",43,"vat","vat"
"48","ARO:3002877","BcI","ARO:3000090","Bla1",41,"class A beta-lactamase","class A beta-lactamase"
"49","ARO:3000198","FosX","ARO:3003208","FosXCC",40,"fos","fos"
"50","ARO:3000778","adeG","ARO:3003009","ceoA",40,"efflux pump","efflux pump"
"51","ARO:3005043","cmlA9","ARO:3002705","floR",40,"MFS efflux pump","MFS efflux pump"
"52","ARO:3002846","arr-1","ARO:3002847","arr-2",39,"rifampin inactivation enzyme","rifampin inactivation enzyme"
"53","ARO:3000768","abeS","ARO:3007014","qacJ",38,"efflux pump","efflux pump"
"54","ARO:3000777","adeF","ARO:3003699","mexQ",36,"efflux pump","efflux pump"
"55","ARO:3000463","gimA","ARO:3000462","mgtA",36,"mgt","mgt"
"56","ARO:3000865","mgtA","ARO:3000462","oleD",36,"mgt","mgt"
"57","ARO:3000777","adeF","ARO:3000784","cmeB",34,"efflux pump","efflux pump"
"58","ARO:3008082","BOR-1","ARO:3008821","PAD-1",33,"class A beta-lactamase","class A beta-lactamase"
"59","ARO:3004122","Klebsiella pneumoniae OmpK37","ARO:0010003","small multidrug resistance (SMR) antibiotic efflux pump",33,"permeability modulation","efflux pump"
"60","ARO:3000777","adeF","ARO:0010004","resistance-nodulation-cell division (RND) antibiotic efflux pump",33,"efflux pump","efflux pump"
"61","ARO:3004657","catA1","ARO:3002683","catA4",33,"cat","cat"
"62","ARO:3003953","hmrM","ARO:3000112","multidrug and toxic compound extrusion (MATE) transporter",33,"efflux pump","efflux pump"
"63","ARO:3000491","acrD","ARO:0010004","resistance-nodulation-cell division (RND) antibiotic efflux pump",32,"efflux pump","efflux pump"
"64","ARO:3003209","fosA5","ARO:3007371","FosA8",32,"fos","fos"
"65","ARO:3002804","FosA2","ARO:3007371","FosA8",31,"fos","fos"
"66","ARO:3000829","baeS","ARO:0010004","resistance-nodulation-cell division (RND) antibiotic efflux pump",31,"efflux pump","efflux pump"
"67","ARO:3000377","MexA","ARO:0010004","resistance-nodulation-cell division (RND) antibiotic efflux pump",29,"efflux pump","efflux pump"
"68","ARO:3003209","fosA5","ARO:3004111","FosA6",28,"fos","fos"
"69","ARO:3003565","Bla1","ARO:3000090","R39",27,"class A beta-lactamase","class A beta-lactamase"
"70","ARO:3007372","FosBx1","ARO:3004674","FosD",27,"fos","fos"
"71","ARO:3007372","FosBx1","ARO:3007099","FosM3",26,"fos","fos"
"72","ARO:3007015","qacE","ARO:3005009","qacG",26,"efflux pump","MFS efflux pump"
"73","ARO:3003728","vanR gene in vanA cluster","ARO:3002919","vanR gene in vanI cluster",26,"van","van"
"74","ARO:3002648","APH(3')-IIIa","ARO:3002647","APH(3')-IVa",25,"aph","aph"
"75","ARO:3002525","AAC(2')-Ib","ARO:3002524","AAC(2')-Ic",24,"aac","aac"
"76","ARO:3002846","arr-1","ARO:3002850","arr-5",24,"rifampin inactivation enzyme","rifampin inactivation enzyme"
"77","ARO:3002698","cmlB","ARO:0010002","major facilitator superfamily (MFS) antibiotic efflux pump",24,"MFS efflux pump","MFS efflux pump"
"78","ARO:3002511","LRA-12","ARO:3006972","PLN-1",23,"class B beta-lactamase","class B beta-lactamase"
"79","ARO:3002538","AAC(3)-IIIb","ARO:3002537","AAC(3)-IIIc",22,"aac","aac"
"80","ARO:3002642","APH(3')-Ia","ARO:3002641","APH(3')-Ib",20,"aph","aph"
"81","ARO:3003208","FosI","ARO:3007370","FosXCC",20,"fos","fos"
"82","ARO:3005098","qacJ","ARO:3007014","qacL",20,"efflux pump","efflux pump"
"83","ARO:3005009","qacE","ARO:3007014","qacJ",19,"MFS efflux pump","efflux pump"
"84","ARO:3002934","vanS gene in vanD cluster","ARO:3002937","vanS gene in vanG cluster",19,"van","van"
"85","ARO:3008821","CAE-1","ARO:3007635","PAD-1",18,"class A beta-lactamase","class A beta-lactamase"
"86","ARO:3002702","cmrA","ARO:3002701","Rhodococcus fascians cmr",18,"MFS efflux pump","MFS efflux pump"
"87","ARO:3000823","Escherichia coli soxS with mutation conferring antibiotic resistance","ARO:3003511","ramA",17,"efflux pump","variant or mutant"
"88","ARO:3002824","ErmS","ARO:3001304","ErmV",16,"erm","erm"
"89","ARO:3004043","Escherichia coli acrA","ARO:3007509","Shigella flexneri acrA",16,"efflux pump","efflux pump"
"90","ARO:3000421","norB","ARO:3007010","norC",16,"MFS efflux pump","MFS efflux pump"
"91","ARO:3002513","LRA-19","ARO:3006972","PLN-1",15,"class B beta-lactamase","class B beta-lactamase"
"92","ARO:3002626","aad(6)","ARO:3002628","ANT(6)-Ia",15,"ant","ant"
"93","ARO:3000753","abeM","ARO:3000112","multidrug and toxic compound extrusion (MATE) transporter",15,"efflux pump","efflux pump"
"94","ARO:3002541","AAC(3)-VIIa","ARO:3002542","AAC(3)-VIIIa",14,"aac","aac"
"95","ARO:3002553","AAC(6')-I-48","ARO:3004638","AAC(6')-If",14,"aac","aac"
"96","ARO:3002553","AAC(6')-Ic","ARO:3002549","AAC(6')-If",14,"aac","aac"
"97","ARO:3000606","B3SU2-1","ARO:3008079","FEZ-1",14,"class B beta-lactamase","class B beta-lactamase"
"98","ARO:3008079","B3SU2-1","ARO:3003720","SPG-1",14,"class B beta-lactamase","class B beta-lactamase"
"99","ARO:3002482","CAE-1","ARO:3007635","LRA-1",14,"class A beta-lactamase","class A beta-lactamase"
"100","ARO:3003002","CfxA","ARO:3003001","CfxA2",14,"class A beta-lactamase","class A beta-lactamase"
"101","ARO:3000602","Erm(39)","ARO:3004606","erm(40)",14,"erm","erm"
"102","ARO:3004111","FosA6","ARO:3007371","FosA8",14,"fos","fos"
"103","ARO:3000569","tet(41)","ARO:3007494","tet(64)",14,"MFS efflux pump","MFS efflux pump"
"104","ARO:3002570","AAC(6')-Iap","ARO:3007204","AAC(6')-Iz",13,"aac","aac"
"105","ARO:3002644","APH(3')-IIa","ARO:3002646","APH(3')-IIc",13,"aph","aph"
"106","ARO:3002646","APH(3')-IIb","ARO:3002645","APH(3')-IIc",13,"aph","aph"
"107","ARO:3002482","BOR-1","ARO:3008082","LRA-1",13,"class A beta-lactamase","class A beta-lactamase"
"108","ARO:3003002","CfxA2","ARO:3003097","CfxA6",13,"class A beta-lactamase","class A beta-lactamase"
"109","ARO:3004113","FosA7","ARO:3007371","FosA8",13,"fos","fos"
"110","ARO:3007509","Klebsiella pneumoniae acrA","ARO:3004041","Shigella flexneri acrA",13,"efflux pump","efflux pump"
"111","ARO:3003202","LUS-1","ARO:3006942","TLA-1",13,"class A beta-lactamase","class A beta-lactamase"
"112","ARO:3005045","SAT-4","ARO:3002897","SatA",13,"sat","sat"
"113","ARO:3000784","cmeB","ARO:0010004","resistance-nodulation-cell division (RND) antibiotic efflux pump",13,"efflux pump","efflux pump"
"114","ARO:3000602","Erm(31)","ARO:3000598","Erm(39)",12,"erm","erm"
"115","ARO:3004652","Erm(O)-lrm","ARO:3001303","ErmO-srmA",12,"erm","erm"
"116","ARO:3007372","FosB","ARO:3000172","FosBx1",12,"fos","fos"
"117","ARO:3008649","OXA-1239","ARO:3001794","OXA-45",12,"class D beta-lactamase","class D beta-lactamase"
"118","ARO:3002846","arr-1","ARO:3002853","arr-8",12,"rifampin inactivation enzyme","rifampin inactivation enzyme"
"119","ARO:3000596","erm(56)","ARO:3007654","ErmX",12,"erm","erm"
"120","ARO:3002955","vanY gene in vanA cluster","ARO:3002958","vanY gene in vanF cluster",12,"van","van"
"121","ARO:3002569","AAC(6')-If","ARO:3002553","AAC(6')-Iy",11,"aac","aac"
"122","ARO:3002553","AAC(6')-If","ARO:3002570","AAC(6')-Iz",11,"aac","aac"
"123","ARO:3009041","AMZ-1","ARO:3007694","RSC1-1",11,"class C beta-lactamase","class C beta-lactamase"
"124","ARO:3000856","BJP-1","ARO:3003720","SPG-1",11,"class B beta-lactamase","class B beta-lactamase"
"125","ARO:3000855","CAU-1","ARO:3003720","SPG-1",11,"class B beta-lactamase","class B beta-lactamase"
"126","ARO:3002686","Campylobacter coli chloramphenicol acetyltransferase","ARO:3004454","catP",11,"cat","cat"
"127","ARO:3000498","Erm(35)","ARO:3000604","ErmF",11,"erm","erm"
"128","ARO:3002804","FosA2","ARO:3003209","fosA5",11,"fos","fos"
"129","ARO:3007802","RATA-2","ARO:3007442","SSA",11,"class A beta-lactamase","class A beta-lactamase"
"130","ARO:3002376","RATA-2","ARO:3007802","VEB-7",11,"class A beta-lactamase","class A beta-lactamase"
"131","ARO:3002846","arr-1","ARO:3002848","arr-3",11,"rifampin inactivation enzyme","rifampin inactivation enzyme"
"132","ARO:3002814","cfr(B)","ARO:3004649","clbA",11,"target-modifying enzyme","target-modifying enzyme"
"133","ARO:3000794","mdtC","ARO:0010004","resistance-nodulation-cell division (RND) antibiotic efflux pump",11,"efflux pump","efflux pump"
"134","ARO:3003728","vanR gene in vanG cluster","ARO:3002926","vanR gene in vanI cluster",11,"van","van"
"135","ARO:3002539","AAC(3)-IVa","ARO:3005061","AAC(3)-IVb",10,"aac","aac"
"136","ARO:3003564","AST-1","ARO:3004740","EXO-1",10,"class A beta-lactamase","class A beta-lactamase"
"137","ARO:3000602","Erm(39)","ARO:3004596","erm(46)",10,"erm","erm"
"138","ARO:3001610","OXA-1043","ARO:3008462","OXA-243",10,"class D beta-lactamase","class D beta-lactamase"
"139","ARO:3008649","OXA-1239","ARO:3001413","OXA-18",10,"class D beta-lactamase","class D beta-lactamase"
"140","ARO:3005725","OXA-464","ARO:3003620","OXA-491",10,"class D beta-lactamase","class D beta-lactamase"
"141","ARO:3007014","qacH","ARO:3003836","qacJ",10,"efflux pump","efflux pump"
"142","ARO:3003155","resistance-nodulation-cell division (RND) antibiotic efflux pump","ARO:0010004","SHV-188",10,"class A beta-lactamase","efflux pump"
"143","ARO:3002531","AAC(3)-Ib","ARO:3002530","AAC(3)-Ic",9,"aac","aac"
"144","ARO:3002565","AAC(6')-I-48","ARO:3004638","AAC(6')-Iu",9,"aac","aac"
"145","ARO:3000853","AIM-1","ARO:3007374","PJM-1",9,"class B beta-lactamase","class B beta-lactamase"
"146","ARO:3008394","CblA-1","ARO:3002999","MUN-1",9,"class A beta-lactamase","class A beta-lactamase"
"147","ARO:3003002","CfxA2","ARO:3003003","CfxA3",9,"class A beta-lactamase","class A beta-lactamase"
"148","ARO:3002824","Erm(O)-lrm","ARO:3004652","ErmV",9,"erm","erm"
"149","ARO:3007372","FosBx1","ARO:3007097","FosM1",9,"fos","fos"
"150","ARO:3009041","PDC-160","ARO:3006539","RSC1-1",9,"class C beta-lactamase","class C beta-lactamase"
"151","ARO:3009041","PDC-241","ARO:3006619","RSC1-1",9,"class C beta-lactamase","class C beta-lactamase"
"152","ARO:3002605","aadA4","ARO:3002604","aadA5",9,"ant","ant"
"153","ARO:3000777","adeF","ARO:3003056","smeE",9,"efflux pump","efflux pump"
"154","ARO:3002817","carA","ARO:3002827","tlrC",9,"abcF","abcF"
"155","ARO:3004588","emrA","ARO:3000027","Klebsiella pneumoniae KpnG",9,"efflux pump","efflux pump"
"156","ARO:3007015","qacG","ARO:3003836","qacH",9,"efflux pump","efflux pump"
"157","ARO:3000347","23S rRNA (adenine(2058)-N(6))-methyltransferase Erm(A)","ARO:3005099","ErmA",8,"erm","erm"
"158","ARO:3002525","AAC(2')-Ic","ARO:3002527","AAC(2')-Ie",8,"aac","aac"
"159","ARO:3002646","APH(3')-IIc","ARO:3002647","APH(3')-IIIa",8,"aph","aph"
"160","ARO:3007802","ASU1-1","ARO:3008074","RATA-2",8,"class A beta-lactamase","class A beta-lactamase"
"161","ARO:3000855","B3SU2-1","ARO:3008079","CAU-1",8,"class B beta-lactamase","class B beta-lactamase"
"162","ARO:3004747","BAT-1","ARO:3006902","BSU-1",8,"class D beta-lactamase","class D beta-lactamase"
"163","ARO:3007635","CAE-1","ARO:3009021","PEN-A8",8,"class A beta-lactamase","class A beta-lactamase"
"164","ARO:3006225","CepA-44","ARO:3006226","CepA-49",8,"class A beta-lactamase","class A beta-lactamase"
"165","ARO:3003003","CfxA","ARO:3003001","CfxA3",8,"class A beta-lactamase","class A beta-lactamase"
"166","ARO:3004042","Enterobacter cloacae acrA","ARO:3004043","Escherichia coli acrA",8,"efflux pump","efflux pump"
"167","ARO:3007372","FosB2","ARO:3005100","FosBx1",8,"fos","fos"
"168","ARO:3001769","LRA-13","ARO:3002484","OXA-42",8,"class D beta-lactamase","class D beta-lactamase"
"169","ARO:3009007","PEN-A29","ARO:3009012","PEN-A33",8,"class A beta-lactamase","class A beta-lactamase"
"170","ARO:3009024","PEN-B2","ARO:3009026","PEN-B4",8,"class A beta-lactamase","class A beta-lactamase"
"171","ARO:3009041","PNC-1","ARO:3009032","RSC1-1",8,"class C beta-lactamase","class C beta-lactamase"
"172","ARO:3002849","arr-3","ARO:3002848","arr-4",8,"rifampin inactivation enzyme","rifampin inactivation enzyme"
"173","ARO:3003559","cepA","ARO:3006226","CepA-49",8,"class A beta-lactamase","class A beta-lactamase"
"174","ARO:3004146","cfrC","ARO:3005023","cfrE",8,"target-modifying enzyme","target-modifying enzyme"
"175","ARO:3000783","cmeA","ARO:0010004","resistance-nodulation-cell division (RND) antibiotic efflux pump",8,"efflux pump","efflux pump"
"176","ARO:3000265","porin OmpF","ARO:0010004","resistance-nodulation-cell division (RND) antibiotic efflux pump",8,"permeability modulation","efflux pump"
"177","ARO:3004442","tet(W)","ARO:3000194","tet(W/N/W)",8,"tet RPG","tet RPG"
"178","ARO:3004720","tet(X)","ARO:3000205","tet(X4)",8,"tet enzyme","tet enzyme"
"179","ARO:3004621","AAC(3)-IIc","ARO:3002535","AAC(3)-IIe",7,"aac","aac"
"180","ARO:3002570","AAC(6')-Iak","ARO:3003199","AAC(6')-Iz",7,"aac","aac"
"181","ARO:3002549","AAC(6')-Iap","ARO:3007204","AAC(6')-Ic",7,"aac","aac"
"182","ARO:3002570","AAC(6')-Ic","ARO:3002549","AAC(6')-Iz",7,"aac","aac"
"183","ARO:3004191","AAC(6')-Ie-APH(2'')-Ia bifunctional protein","ARO:3002597","APH(2'')-If",7,"aph","bifunctional aminoglycoside"
"184","ARO:3002481","AER-1","ARO:3006950","MAL-2",7,"class A beta-lactamase","class A beta-lactamase"
"185","ARO:3002657","APH(6)-Ia","ARO:3002658","APH(6)-Ib",7,"aph","aph"
"186","ARO:3009024","BOR-1","ARO:3008082","PEN-B2",7,"class A beta-lactamase","class A beta-lactamase"
"187","ARO:3003565","BcI","ARO:3002877","R39",7,"class A beta-lactamase","class A beta-lactamase"
"188","ARO:3006225","CepA-29","ARO:3006224","CepA-44",7,"class A beta-lactamase","class A beta-lactamase"
"189","ARO:3004290","EC-15","ARO:3006876","Escherichia coli ampC beta-lactamase",7,"class C beta-lactamase","class C beta-lactamase"
"190","ARO:3002824","ErmO-srmA","ARO:3001303","ErmV",7,"erm","erm"
"191","ARO:3002874","FosC2","ARO:3007368","FosG",7,"fos","fos"
"192","ARO:3009033","PNC-1","ARO:3009032","PNC-2",7,"class C beta-lactamase","class C beta-lactamase"
"193","ARO:3002376","RATA-1","ARO:3007801","VEB-7",7,"class A beta-lactamase","class A beta-lactamase"
"194","ARO:3004660","catB11","ARO:3002675","catB2",7,"cat","cat"
"195","ARO:3000596","erm(40)","ARO:3004606","ErmX",7,"erm","erm"
"196","ARO:3007109","nimD","ARO:3007106","nimG",7,"nim","nim"
"197","ARO:3002926","vanR gene in vanG cluster","ARO:3007191","vanR gene in vanP cluster",7,"van","van"
"198","ARO:3002542","AAC(3)-IXa","ARO:3002543","AAC(3)-VIIIa",6,"aac","aac"
"199","ARO:3002529","AAC(3)-Ib","ARO:3002530","AAC(3)-Id",6,"aac","aac"
"200","ARO:3002567","AAC(6')-I-48","ARO:3004638","AAC(6')-Iw",6,"aac","aac"
"201","ARO:3002553","AAC(6')-Iaa","ARO:3002571","AAC(6')-If",6,"aac","aac"
"202","ARO:3002569","AAC(6')-Iaa","ARO:3002571","AAC(6')-Iy",6,"aac","aac"
"203","ARO:3002644","APH(3')-IIa","ARO:3002645","APH(3')-IIb",6,"aph","aph"
"204","ARO:3000090","AST-1","ARO:3004740","Bla1",6,"class A beta-lactamase","class A beta-lactamase"
"205","ARO:3000090","BCL-1","ARO:3004749","Bla1",6,"class A beta-lactamase","class A beta-lactamase"
"206","ARO:3004766","CGA-1","ARO:3009035","RAA-1",6,"class A beta-lactamase","class A beta-lactamase"
"207","ARO:3003003","CfxA3","ARO:3003005","CfxA4",6,"class A beta-lactamase","class A beta-lactamase"
"208","ARO:3000602","Erm(38)","ARO:3000601","Erm(39)",6,"erm","erm"
"209","ARO:3000602","Erm(39)","ARO:3000596","ErmX",6,"erm","erm"
"210","ARO:3003565","FAR-1","ARO:3004784","R39",6,"class A beta-lactamase","class A beta-lactamase"
"211","ARO:3002511","GOB-49","ARO:3005697","LRA-12",6,"class B beta-lactamase","class B beta-lactamase"
"212","ARO:3002482","LRA-1","ARO:3009024","PEN-B2",6,"class A beta-lactamase","class A beta-lactamase"
"213","ARO:3002521","OCH-6","ARO:3002519","OCH-8",6,"class C beta-lactamase","class C beta-lactamase"
"214","ARO:3009041","OCH-8","ARO:3002521","RSC1-1",6,"class C beta-lactamase","class C beta-lactamase"
"215","ARO:3001694","OXA-257","ARO:3001751","OXA-296",6,"class D beta-lactamase","class D beta-lactamase"
"216","ARO:3001769","OXA-42","ARO:3005794","OXA-572",6,"class D beta-lactamase","class D beta-lactamase"
"217","ARO:3002746","QnrB31","ARO:3004636","qnrE1",6,"qnr","qnr"
"218","ARO:3007801","RATA-1","ARO:3007802","RATA-2",6,"class A beta-lactamase","class A beta-lactamase"
"219","ARO:3004091","aadA27","ARO:3004682","ANT(3'')-IIc",6,"ant","ant"
"220","ARO:3005111","blaS1","ARO:3008784","OXY-10-1",6,"class A beta-lactamase","class A beta-lactamase"
"221","ARO:3003559","cepA","ARO:3006224","CepA-29",6,"class A beta-lactamase","class A beta-lactamase"
"222","ARO:3000596","erm(46)","ARO:3004596","ErmX",6,"erm","erm"
"223","ARO:3000810","mtrC","ARO:0010004","resistance-nodulation-cell division (RND) antibiotic efflux pump",6,"efflux pump","efflux pump"
"224","ARO:3003196","tet(45)","ARO:3000179","tet(L)",6,"MFS efflux pump","MFS efflux pump"
"225","ARO:3002945","vanH gene in vanF cluster","ARO:3002948","vanH gene in vanO cluster",6,"van","van"
"226","ARO:3002549","AAC(6')-Ic","ARO:3002563","AAC(6')-Isa",5,"aac","aac"
"227","ARO:3002553","AAC(6')-If","ARO:3004635","AAC(6')-Il",5,"aac","aac"
"228","ARO:3007442","ASU1-1","ARO:3008074","SSA",5,"class A beta-lactamase","class A beta-lactamase"
"229","ARO:3004455","Alkalihalobacillus clausii chloramphenicol acetyltransferase","ARO:3004452","Streptococcus suis chloramphenicol acetyltransferase",5,"cat","cat"
"230","ARO:3008079","B3SU2-1","ARO:3000856","BJP-1",5,"class B beta-lactamase","class B beta-lactamase"
"231","ARO:3005096","BKC-1","ARO:3004757","GPC-1",5,"class A beta-lactamase","class A beta-lactamase"
"232","ARO:3001205","BLMT","ARO:3005036","BRP(MBL)",5,"antibiotic sequestration","antibiotic sequestration"
"233","ARO:3008082","BOR-1","ARO:3008199","HBL-1",5,"class A beta-lactamase","class A beta-lactamase"
"234","ARO:3002878","BcII","ARO:3004189","Bla2",5,"class B beta-lactamase","class B beta-lactamase"
"235","ARO:3009009","CAE-1","ARO:3007635","PEN-A30",5,"class A beta-lactamase","class A beta-lactamase"
"236","ARO:3008084","CME-1","ARO:3004775","CME-3",5,"class A beta-lactamase","class A beta-lactamase"
"237","ARO:3004290","EC-14","ARO:3006875","Escherichia coli ampC beta-lactamase",5,"class C beta-lactamase","class C beta-lactamase"
"238","ARO:3004290","EC-8","ARO:3006881","Escherichia coli ampC beta-lactamase",5,"class C beta-lactamase","class C beta-lactamase"
"239","ARO:3001306","Erm(31)","ARO:3000598","ErmW",5,"erm","erm"
"240","ARO:3000495","Erm(K)","ARO:3004643","ErmD",5,"erm","erm"
"241","ARO:3004652","Erm(O)-lrm","ARO:3001304","ErmS",5,"erm","erm"
"242","ARO:3001303","ErmO-srmA","ARO:3001304","ErmS",5,"erm","erm"
"243","ARO:3004043","Escherichia coli acrA","ARO:0010004","resistance-nodulation-cell division (RND) antibiotic efflux pump",5,"efflux pump","efflux pump"
"244","ARO:3004290","Escherichia coli ampC beta-lactamase","ARO:3007648","PSZ-1",5,"class C beta-lactamase","class C beta-lactamase"
"245","ARO:3007372","FosB4","ARO:3004671","FosBx1",5,"fos","fos"
"246","ARO:3007372","FosBx1","ARO:3007098","FosM2",5,"fos","fos"
"247","ARO:3000198","FosH","ARO:3007369","FosX",5,"fos","fos"
"248","ARO:3005678","GOB-29","ARO:3006972","PLN-1",5,"class B beta-lactamase","class B beta-lactamase"
"249","ARO:3002482","LRA-1","ARO:3009007","PEN-A29",5,"class A beta-lactamase","class A beta-lactamase"
"250","ARO:3002482","LRA-1","ARO:3009009","PEN-A30",5,"class A beta-lactamase","class A beta-lactamase"
"251","ARO:3002513","LRA-19","ARO:3002510","LRA-3",5,"class B beta-lactamase","class B beta-lactamase"
"252","ARO:3007802","LUS-1","ARO:3006942","RATA-2",5,"class A beta-lactamase","class A beta-lactamase"
"253","ARO:3001407","OXA-12","ARO:3003115","OXA-427",5,"class D beta-lactamase","class D beta-lactamase"
"254","ARO:3001772","OXA-572","ARO:3005794","OXA-59",5,"class D beta-lactamase","class D beta-lactamase"
"255","ARO:3009041","PDC-455","ARO:3006822","RSC1-1",5,"class C beta-lactamase","class C beta-lactamase"
"256","ARO:3009041","PNC-2","ARO:3009033","RSC1-1",5,"class C beta-lactamase","class C beta-lactamase"
"257","ARO:3007489","dfrB10","ARO:3003022","dfrB3",5,"dfr","dfr"
"258","ARO:3000300","lsaA","ARO:3005121","lsaD",5,"abcF","abcF"
"259","ARO:3003111","lsaB","ARO:3003206","lsaE",5,"abcF","abcF"
"260","ARO:3007109","nimG","ARO:3007110","nimH",5,"nim","nim"
"261","ARO:3002893","sdrM","ARO:3007013","tcr3",5,"MFS efflux pump","MFS efflux pump"
"262","ARO:3000569","tet(41)","ARO:3000165","tet(A)",5,"MFS efflux pump","MFS efflux pump"
"263","ARO:3000165","tet(A)","ARO:3000167","tet(C)",5,"MFS efflux pump","MFS efflux pump"
"264","ARO:3007120","tet(O)","ARO:3000190","tet(O/M/O)",5,"tet RPG","tet RPG"
"265","ARO:3004720","tet(X4)","ARO:3005056","tet(X6)",5,"tet enzyme","tet enzyme"
"266","ARO:3004623","AAC(3)-IIc","ARO:3002535","AAC(3)-IId",4,"aac","aac"
"267","ARO:3002549","AAC(6')-Ic","ARO:3002590","AAC(6')-Iih",4,"aac","aac"
"268","ARO:3006228","ACC-1a","ARO:3006229","ACC-1b",4,"class C beta-lactamase","class C beta-lactamase"
"269","ARO:3006271","ACT-6","ARO:3001825","ACT-77",4,"class C beta-lactamase","class C beta-lactamase"
"270","ARO:3003857","ADC-13","ARO:3003868","ADC-25",4,"class C beta-lactamase","class C beta-lactamase"
"271","ARO:3006441","ADC-221","ARO:3006390","ADC-84",4,"class C beta-lactamase","class C beta-lactamase"
"272","ARO:3002481","AER-1","ARO:3006949","MAL-1",4,"class A beta-lactamase","class A beta-lactamase"
"273","ARO:3002646","APH(3')-IIc","ARO:3002648","APH(3')-IVa",4,"aph","aph"
"274","ARO:3008082","AST-1","ARO:3004740","BOR-1",4,"class A beta-lactamase","class A beta-lactamase"
"275","ARO:3003180","AST-1","ARO:3004740","KPC-22",4,"class A beta-lactamase","class A beta-lactamase"
"276","ARO:3004451","Agrobacterium fabrum chloramphenicol acetyltransferase","ARO:3002675","catB2",4,"cat","cat"
"277","ARO:3008081","BMHC-1","ARO:3007855","CHM-1",4,"class B beta-lactamase","class B beta-lactamase"
"278","ARO:3001980","BOR-1","ARO:3008082","CTX-M-121",4,"class A beta-lactamase","class A beta-lactamase"
"279","ARO:3007101","BcIII","ARO:3004749","BCL-1",4,"class A beta-lactamase","class A beta-lactamase"
"280","ARO:3005588","CARB-54","ARO:3008821","PAD-1",4,"class A beta-lactamase","class A beta-lactamase"
"281","ARO:3002246","CARB-7","ARO:3008193","GMA-1",4,"class A beta-lactamase","class A beta-lactamase"
"282","ARO:3003203","CGA-1","ARO:3004766","TLA-2",4,"class A beta-lactamase","class A beta-lactamase"
"283","ARO:3006998","CSP-1","ARO:3006871","SPU-1",4,"class A beta-lactamase","class A beta-lactamase"
"284","ARO:3002674","Campylobacter coli chloramphenicol acetyltransferase","ARO:3004454","Clostridium butyricum catB",4,"cat","cat"
"285","ARO:3003553","CepS","ARO:3008390","MOX-22",4,"class C beta-lactamase","class C beta-lactamase"
"286","ARO:3000582","DHT2-1","ARO:3006872","L1 beta-lactamase",4,"class B beta-lactamase","class B beta-lactamase"
"287","ARO:3006875","EC-14","ARO:3006876","EC-15",4,"class C beta-lactamase","class C beta-lactamase"
"288","ARO:3003564","EXO-1","ARO:3009024","PEN-B2",4,"class A beta-lactamase","class A beta-lactamase"
"289","ARO:3004042","Enterobacter cloacae acrA","ARO:0010004","resistance-nodulation-cell division (RND) antibiotic efflux pump",4,"efflux pump","efflux pump"
"290","ARO:3000605","Erm(31)","ARO:3000598","Erm(36)",4,"erm","erm"
"291","ARO:3001305","Erm(31)","ARO:3000598","ErmU",4,"erm","erm"
"292","ARO:3004606","Erm(31)","ARO:3000598","erm(40)",4,"erm","erm"
"293","ARO:3001304","ErmE","ARO:3000326","ErmS",4,"erm","erm"
"294","ARO:3004113","FosA7","ARO:3005162","FosA7.5",4,"fos","fos"
"295","ARO:3002874","FosA8","ARO:3007371","FosC2",4,"fos","fos"
"296","ARO:3007371","FosA8","ARO:3007368","FosG",4,"fos","fos"
"297","ARO:3007372","FosB5","ARO:3004672","FosBx1",4,"fos","fos"
"298","ARO:3007372","FosBx1","ARO:3007069","FosY",4,"fos","fos"
"299","ARO:3007370","FosH","ARO:3007369","FosI",4,"fos","fos"
"300","ARO:3000582","L1 beta-lactamase","ARO:3007199","PAM-1",4,"class B beta-lactamase","class B beta-lactamase"
"301","ARO:3000582","L1 beta-lactamase","ARO:3006974","POM-1",4,"class B beta-lactamase","class B beta-lactamase"
"302","ARO:3002482","LRA-1","ARO:3009015","PEN-A37",4,"class A beta-lactamase","class A beta-lactamase"
"303","ARO:3002482","LRA-1","ARO:3009026","PEN-B4",4,"class A beta-lactamase","class A beta-lactamase"
"304","ARO:3002484","LRA-13","ARO:3001551","OXA-364",4,"class D beta-lactamase","class D beta-lactamase"
"305","ARO:3007802","LRA-5","ARO:3002483","RATA-2",4,"class A beta-lactamase","class A beta-lactamase"
"306","ARO:3008694","MSI-OXA","ARO:3003719","OXA-1284",4,"class D beta-lactamase","class D beta-lactamase"
"307","ARO:3001407","OXA-12","ARO:3008720","OXA-725",4,"class D beta-lactamase","class D beta-lactamase"
"308","ARO:3001431","OXA-20","ARO:3001415","OXA-37",4,"class D beta-lactamase","class D beta-lactamase"
"309","ARO:3001417","OXA-22","ARO:3005795","OXA-574",4,"class D beta-lactamase","class D beta-lactamase"
"310","ARO:3001681","OXA-278","ARO:3001737","OXA-282",4,"class D beta-lactamase","class D beta-lactamase"
"311","ARO:3001681","OXA-278","ARO:3001740","OXA-285",4,"class D beta-lactamase","class D beta-lactamase"
"312","ARO:3001398","OXA-3","ARO:3005937","OXA-732",4,"class D beta-lactamase","class D beta-lactamase"
"313","ARO:3001769","OXA-42","ARO:3003613","OXA-457",4,"class D beta-lactamase","class D beta-lactamase"
"314","ARO:3001769","OXA-42","ARO:3005793","OXA-569",4,"class D beta-lactamase","class D beta-lactamase"
"315","ARO:3001808","OXA-571","ARO:3005326","OXA-60",4,"class D beta-lactamase","class D beta-lactamase"
"316","ARO:3008821","PAD-1","ARO:3009007","PEN-A29",4,"class A beta-lactamase","class A beta-lactamase"
"317","ARO:3006539","PDC-160","ARO:3005312","PDC-429",4,"class C beta-lactamase","class C beta-lactamase"
"318","ARO:3009029","PJM-1","ARO:3007374","PJM-2",4,"class B beta-lactamase","class B beta-lactamase"
"319","ARO:3004379","QepA2","ARO:3004103","QepA4",4,"MFS efflux pump","MFS efflux pump"
"320","ARO:3007007","RATA-2","ARO:3007802","TER-2",4,"class A beta-lactamase","class A beta-lactamase"
"321","ARO:3003894","Rm3","ARO:3003720","SPG-1",4,"class B beta-lactamase","class B beta-lactamase"
"322","ARO:3006987","SGM-1","ARO:3006990","SGM-4",4,"class A beta-lactamase","class A beta-lactamase"
"323","ARO:3009065","SRT-3","ARO:3006853","SRT-4",4,"class C beta-lactamase","class C beta-lactamase"
"324","ARO:3002891","Streptomyces lividans otr(A)","ARO:3007127","Streptomyces rimosus otr(A)",4,"tet RPG","tet RPG"
"325","ARO:3003202","TLA-1","ARO:3003204","TLA-3",4,"class A beta-lactamase","class A beta-lactamase"
"326","ARO:3002482","blaF","ARO:3003562","LRA-1",4,"class A beta-lactamase","class A beta-lactamase"
"327","ARO:3002815","cipA","ARO:3003907","clbB",4,"target-modifying enzyme","target-modifying enzyme"
"328","ARO:3002703","cmx","ARO:3002690","Streptomyces lividans cmlR",4,"MFS efflux pump","MFS efflux pump"
"329","ARO:3003099","cphA2","ARO:3006924","CVI-1",4,"class B beta-lactamase","class B beta-lactamase"
"330","ARO:3005350","dfrB10","ARO:3007489","DfrB9",4,"dfr","dfr"
"331","ARO:3003021","dfrB10","ARO:3007489","dfrB2",4,"dfr","dfr"
"332","ARO:3003021","dfrB2","ARO:3005350","DfrB9",4,"dfr","dfr"
"333","ARO:3003021","dfrB2","ARO:3003022","dfrB3",4,"dfr","dfr"
"334","ARO:3005350","dfrB3","ARO:3003022","DfrB9",4,"dfr","dfr"
"335","ARO:3000793","mdtB","ARO:0010004","resistance-nodulation-cell division (RND) antibiotic efflux pump",4,"efflux pump","efflux pump"
"336","ARO:3000812","mtrE","ARO:0010004","resistance-nodulation-cell division (RND) antibiotic efflux pump",4,"efflux pump","efflux pump"
"337","ARO:3007109","nimB","ARO:3004655","nimG",4,"nim","nim"
"338","ARO:3007106","nimD","ARO:3007110","nimH",4,"nim","nim"
"339","ARO:3007509","resistance-nodulation-cell division (RND) antibiotic efflux pump","ARO:0010004","Shigella flexneri acrA",4,"efflux pump","efflux pump"
"340","ARO:3007124","tet(W)","ARO:3000194","tet(W/32/O)",4,"tet RPG","tet RPG"
"341","ARO:3004720","tet(X4)","ARO:3005057","tet(X5)",4,"tet enzyme","tet enzyme"
"342","ARO:3005057","tet(X5)","ARO:3005056","tet(X6)",4,"tet enzyme","tet enzyme"
"343","ARO:3002923","vanR gene in vanD cluster","ARO:3007191","vanR gene in vanP cluster",4,"van","van"
"344","ARO:3002965","vanW gene in vanB cluster","ARO:3002964","vanW gene in vanG cluster",4,"van","van"
"345","ARO:3002956","vanY gene in vanB cluster","ARO:3002959","vanY gene in vanG cluster",4,"van","van"
"346","ARO:3002528","AAC(3)-Ia","ARO:3002531","AAC(3)-Ic",3,"aac","aac"
"347","ARO:3002549","AAC(6')-I-48","ARO:3004638","AAC(6')-Ic",3,"aac","aac"
"348","ARO:3002570","AAC(6')-I-48","ARO:3004638","AAC(6')-Iz",3,"aac","aac"
"349","ARO:3002553","AAC(6')-Iak","ARO:3003199","AAC(6')-If",3,"aac","aac"
"350","ARO:3002581","AAC(6')-Ib","ARO:3002546","AAC(6')-Ib10",3,"aac","aac"
"351","ARO:3002581","AAC(6')-Ib10","ARO:3002576","AAC(6')-Ib3",3,"aac","aac"
"352","ARO:3002581","AAC(6')-Ib10","ARO:3002577","AAC(6')-Ib4",3,"aac","aac"
"353","ARO:3002581","AAC(6')-Ib10","ARO:3002580","AAC(6')-Ib9",3,"aac","aac"
"354","ARO:3002580","AAC(6')-Ib4","ARO:3002577","AAC(6')-Ib9",3,"aac","aac"
"355","ARO:3002549","AAC(6')-Ic","ARO:3002594","AAC(6')-IIa",3,"aac","aac"
"356","ARO:3002549","AAC(6')-Ic","ARO:3002556","AAC(6')-Ii",3,"aac","aac"
"357","ARO:3002549","AAC(6')-Ic","ARO:3002589","AAC(6')-Iid",3,"aac","aac"
"358","ARO:3002553","AAC(6')-If","ARO:3002565","AAC(6')-Iu",3,"aac","aac"
"359","ARO:3001817","ACC-1a","ARO:3006228","ACC-3",3,"class C beta-lactamase","class C beta-lactamase"
"360","ARO:3001817","ACC-1b","ARO:3006229","ACC-3",3,"class C beta-lactamase","class C beta-lactamase"
"361","ARO:3001843","ACT-109","ARO:3007892","ACT-22",3,"class C beta-lactamase","class C beta-lactamase"
"362","ARO:3001849","ACT-145","ARO:3007913","ACT-29",3,"class C beta-lactamase","class C beta-lactamase"
"363","ARO:3001848","ACT-28","ARO:3007438","LAQ-1",3,"class C beta-lactamase","class C beta-lactamase"
"364","ARO:3001849","ACT-29","ARO:3001829","ACT-4",3,"class C beta-lactamase","class C beta-lactamase"
"365","ARO:3006244","ACT-49","ARO:3001825","ACT-6",3,"class C beta-lactamase","class C beta-lactamase"
"366","ARO:3006370","ADC-201","ARO:3003868","ADC-25",3,"class C beta-lactamase","class C beta-lactamase"
"367","ARO:3002481","AER-1","ARO:3005588","CARB-54",3,"class A beta-lactamase","class A beta-lactamase"
"368","ARO:3002649","APH(3')-Va","ARO:3002650","APH(3')-Vb",3,"aph","aph"
"369","ARO:3009041","AQU-1","ARO:3002993","RSC1-1",3,"class C beta-lactamase","class C beta-lactamase"
"370","ARO:3009024","AST-1","ARO:3004740","PEN-B2",3,"class A beta-lactamase","class A beta-lactamase"
"371","ARO:3003565","AST-1","ARO:3004740","R39",3,"class A beta-lactamase","class A beta-lactamase"
"372","ARO:3004740","AST-1","ARO:3007182","blaC",3,"class A beta-lactamase","class A beta-lactamase"
"373","ARO:3007635","AXC-3","ARO:3006899","CAE-1",3,"class A beta-lactamase","class A beta-lactamase"
"374","ARO:3003565","BCL-1","ARO:3004749","R39",3,"class A beta-lactamase","class A beta-lactamase"
"375","ARO:3008082","BKC-1","ARO:3004757","BOR-1",3,"class A beta-lactamase","class A beta-lactamase"
"376","ARO:3008082","BKC-2","ARO:3006223","BOR-1",3,"class A beta-lactamase","class A beta-lactamase"
"377","ARO:3001900","BOR-1","ARO:3008082","CTX-M-38",3,"class A beta-lactamase","class A beta-lactamase"
"378","ARO:3007101","BcIII","ARO:3000090","Bla1",3,"class A beta-lactamase","class A beta-lactamase"
"379","ARO:3001900","CAE-1","ARO:3007635","CTX-M-38",3,"class A beta-lactamase","class A beta-lactamase"
"380","ARO:3007635","CAE-1","ARO:3008199","HBL-1",3,"class A beta-lactamase","class A beta-lactamase"
"381","ARO:3007635","CAE-1","ARO:3009015","PEN-A37",3,"class A beta-lactamase","class A beta-lactamase"
"382","ARO:3007635","CAE-1","ARO:3009023","PEN-B1",3,"class A beta-lactamase","class A beta-lactamase"
"383","ARO:3009026","CAE-1","ARO:3007635","PEN-B4",3,"class A beta-lactamase","class A beta-lactamase"
"384","ARO:3004559","CAM-1","ARO:3000840","JOHN-1",3,"class B beta-lactamase","class B beta-lactamase"
"385","ARO:3005588","CARB-50","ARO:3005584","CARB-54",3,"class A beta-lactamase","class A beta-lactamase"
"386","ARO:3007802","CGA-1","ARO:3004766","RATA-2",3,"class A beta-lactamase","class A beta-lactamase"
"387","ARO:3000841","CGB-1","ARO:3008226","IND-18",3,"class B beta-lactamase","class B beta-lactamase"
"388","ARO:3002083","CMY-159","ARO:3006458","CMY-70",3,"class C beta-lactamase","class C beta-lactamase"
"389","ARO:3002111","CMY-159","ARO:3006458","CMY-98",3,"class C beta-lactamase","class C beta-lactamase"
"390","ARO:3002095","CMY-179","ARO:3008116","CMY-82",3,"class C beta-lactamase","class C beta-lactamase"
"391","ARO:3008125","CMY-190","ARO:3007438","LAQ-1",3,"class C beta-lactamase","class C beta-lactamase"
"392","ARO:3008390","CMY-8b","ARO:3006464","MOX-22",3,"class C beta-lactamase","class C beta-lactamase"
"393","ARO:3007374","CRD3-1","ARO:3006864","PJM-1",3,"class B beta-lactamase","class B beta-lactamase"
"394","ARO:3003559","CblA-1","ARO:3002999","cepA",3,"class A beta-lactamase","class A beta-lactamase"
"395","ARO:3006225","CepA-44","ARO:3002364","PER-2",3,"class A beta-lactamase","class A beta-lactamase"
"396","ARO:3006917","CfiA14","ARO:3006908","CfiA26",3,"class B beta-lactamase","class B beta-lactamase"
"397","ARO:3006881","EC-15","ARO:3006876","EC-8",3,"class C beta-lactamase","class C beta-lactamase"
"398","ARO:3002826","EreA","ARO:3000361","EreA2",3,"mel","mel"
"399","ARO:3000598","Erm(31)","ARO:3004596","erm(46)",3,"erm","erm"
"400","ARO:3000599","Erm(33)","ARO:3000347","ErmA",3,"erm","erm"
"401","ARO:3000601","Erm(34)","ARO:3000600","Erm(38)",3,"erm","erm"
"402","ARO:3001305","Erm(34)","ARO:3000600","ErmU",3,"erm","erm"
"403","ARO:3000596","Erm(38)","ARO:3000601","ErmX",3,"erm","erm"
"404","ARO:3000601","Erm(38)","ARO:3004596","erm(46)",3,"erm","erm"
"405","ARO:3007041","Erm(42)","ARO:3003106","Erm(52)",3,"erm","erm"
"406","ARO:3002824","ErmE","ARO:3000326","ErmV",3,"erm","erm"
"407","ARO:3001303","ErmH","ARO:3002823","ErmO-srmA",3,"erm","erm"
"408","ARO:3002823","ErmH","ARO:3001304","ErmS",3,"erm","erm"
"409","ARO:3000606","FEZ-1","ARO:3003720","SPG-1",3,"class B beta-lactamase","class B beta-lactamase"
"410","ARO:3004793","FONA-6","ARO:3009036","RAHN-3",3,"class A beta-lactamase","class A beta-lactamase"
"411","ARO:3002804","FosA2","ARO:3004111","FosA6",3,"fos","fos"
"412","ARO:3002872","FosA3","ARO:3007371","FosA8",3,"fos","fos"
"413","ARO:3007099","FosM1","ARO:3007097","FosM3",3,"fos","fos"
"414","ARO:3002511","GOB-37","ARO:3005686","LRA-12",3,"class B beta-lactamase","class B beta-lactamase"
"415","ARO:3005096","GPC-1","ARO:3008821","PAD-1",3,"class A beta-lactamase","class A beta-lactamase"
"416","ARO:3003894","GRD33-1","ARO:3006926","Rm3",3,"class B beta-lactamase","class B beta-lactamase"
"417","ARO:3002257","IND-17","ARO:3007470","IND-2",3,"class B beta-lactamase","class B beta-lactamase"
"418","ARO:3000582","L1 beta-lactamase","ARO:3008822","PAM-5",3,"class B beta-lactamase","class B beta-lactamase"
"419","ARO:3002482","LRA-1","ARO:3006948","LUT-6",3,"class A beta-lactamase","class A beta-lactamase"
"420","ARO:3002482","LRA-1","ARO:3008992","PEN-A15",3,"class A beta-lactamase","class A beta-lactamase"
"421","ARO:3002482","LRA-1","ARO:3009023","PEN-B1",3,"class A beta-lactamase","class A beta-lactamase"
"422","ARO:3002489","LRA-10","ARO:3002492","LRA-18",3,"class C beta-lactamase","class C beta-lactamase"
"423","ARO:3002513","LRA-17","ARO:3002512","LRA-19",3,"class B beta-lactamase","class B beta-lactamase"
"424","ARO:3006972","LRA-17","ARO:3002512","PLN-1",3,"class B beta-lactamase","class B beta-lactamase"
"425","ARO:3009041","LRA-18","ARO:3002492","RSC1-1",3,"class C beta-lactamase","class C beta-lactamase"
"426","ARO:3006972","LRA-9","ARO:3002488","PLN-1",3,"class B beta-lactamase","class B beta-lactamase"
"427","ARO:3009007","LUT-1","ARO:3006943","PEN-A29",3,"class A beta-lactamase","class A beta-lactamase"
"428","ARO:3006949","MAL-1","ARO:3006950","MAL-2",3,"class A beta-lactamase","class A beta-lactamase"
"429","ARO:3008395","MUN-1","ARO:3008394","MUN-6",3,"class A beta-lactamase","class A beta-lactamase"
"430","ARO:3000378","MexB","ARO:0010004","resistance-nodulation-cell division (RND) antibiotic efflux pump",3,"efflux pump","efflux pump"
"431","ARO:3000803","MexE","ARO:0010004","resistance-nodulation-cell division (RND) antibiotic efflux pump",3,"efflux pump","efflux pump"
"432","ARO:3002514","OCH-1","ARO:3002520","OCH-7",3,"class C beta-lactamase","class C beta-lactamase"
"433","ARO:3002521","OCH-5","ARO:3002518","OCH-8",3,"class C beta-lactamase","class C beta-lactamase"
"434","ARO:3001609","OXA-1043","ARO:3008462","OXA-114a",3,"class D beta-lactamase","class D beta-lactamase"
"435","ARO:3001397","OXA-1083","ARO:3008501","OXA-2",3,"class D beta-lactamase","class D beta-lactamase"
"436","ARO:3001780","OXA-1107","ARO:3008525","OXA-85",3,"class D beta-lactamase","class D beta-lactamase"
"437","ARO:3008526","OXA-1108","ARO:3003620","OXA-464",3,"class D beta-lactamase","class D beta-lactamase"
"438","ARO:3008733","OXA-12","ARO:3001407","OXA-956",3,"class D beta-lactamase","class D beta-lactamase"
"439","ARO:3001398","OXA-21","ARO:3001416","OXA-3",3,"class D beta-lactamase","class D beta-lactamase"
"440","ARO:3001417","OXA-22","ARO:3005093","OXA-899",3,"class D beta-lactamase","class D beta-lactamase"
"441","ARO:3001547","OXA-235","ARO:3001676","OXA-360",3,"class D beta-lactamase","class D beta-lactamase"
"442","ARO:3001549","OXA-278","ARO:3001681","OXA-362",3,"class D beta-lactamase","class D beta-lactamase"
"443","ARO:3001550","OXA-278","ARO:3001681","OXA-363",3,"class D beta-lactamase","class D beta-lactamase"
"444","ARO:3001681","OXA-278","ARO:3005339","OXA-646",3,"class D beta-lactamase","class D beta-lactamase"
"445","ARO:3001549","OXA-285","ARO:3001740","OXA-362",3,"class D beta-lactamase","class D beta-lactamase"
"446","ARO:3005339","OXA-285","ARO:3001740","OXA-646",3,"class D beta-lactamase","class D beta-lactamase"
"447","ARO:3001431","OXA-37","ARO:3005937","OXA-732",3,"class D beta-lactamase","class D beta-lactamase"
"448","ARO:3001769","OXA-42","ARO:3003599","OXA-443",3,"class D beta-lactamase","class D beta-lactamase"
"449","ARO:3005734","OXA-427","ARO:3003115","OXA-504",3,"class D beta-lactamase","class D beta-lactamase"
"450","ARO:3008733","OXA-427","ARO:3003115","OXA-956",3,"class D beta-lactamase","class D beta-lactamase"
"451","ARO:3001772","OXA-443","ARO:3003599","OXA-59",3,"class D beta-lactamase","class D beta-lactamase"
"452","ARO:3008786","OXY-10-1","ARO:3008784","OXY-12-1",3,"class A beta-lactamase","class A beta-lactamase"
"453","ARO:3008787","OXY-10-1","ARO:3008784","OXY-12-2",3,"class A beta-lactamase","class A beta-lactamase"
"454","ARO:3006480","PDC-100","ARO:3007085","PRC-1",3,"class C beta-lactamase","class C beta-lactamase"
"455","ARO:3009041","PDC-100","ARO:3006480","RSC1-1",3,"class C beta-lactamase","class C beta-lactamase"
"456","ARO:3009041","PDC-125","ARO:3006501","RSC1-1",3,"class C beta-lactamase","class C beta-lactamase"
"457","ARO:3009041","PDC-320","ARO:3006691","RSC1-1",3,"class C beta-lactamase","class C beta-lactamase"
"458","ARO:3005133","PDC-33","ARO:3006699","PDC-62",3,"class C beta-lactamase","class C beta-lactamase"
"459","ARO:3009007","PEN-A16","ARO:3008993","PEN-A29",3,"class A beta-lactamase","class A beta-lactamase"
"460","ARO:3009024","PEN-A33","ARO:3009012","PEN-B2",3,"class A beta-lactamase","class A beta-lactamase"
"461","ARO:3009026","PEN-A33","ARO:3009012","PEN-B4",3,"class A beta-lactamase","class A beta-lactamase"
"462","ARO:3009032","PNC-1","ARO:3009034","PNC-3",3,"class C beta-lactamase","class C beta-lactamase"
"463","ARO:3003202","RAA-1","ARO:3009035","TLA-1",3,"class A beta-lactamase","class A beta-lactamase"
"464","ARO:3003204","RAA-1","ARO:3009035","TLA-3",3,"class A beta-lactamase","class A beta-lactamase"
"465","ARO:3003894","Rm3","ARO:3007846","SIE-1",3,"class B beta-lactamase","class B beta-lactamase"
"466","ARO:3001071","SHV-12","ARO:3001089","SHV-31",3,"class A beta-lactamase","class A beta-lactamase"
"467","ARO:3009065","SRT-4","ARO:3006999","SST-1",3,"class C beta-lactamase","class C beta-lactamase"
"468","ARO:3004060","Type A NfxB","ARO:3004059","Type B NfxB",3,"efflux pump","efflux pump"
"469","ARO:3002603","aadA2","ARO:3002602","aadA3",3,"ant","ant"
"470","ARO:3002619","aadA22","ARO:3002606","aadA6",3,"ant","ant"
"471","ARO:3002848","arr-3","ARO:3002850","arr-5",3,"rifampin inactivation enzyme","rifampin inactivation enzyme"
"472","ARO:3005111","blaS1","ARO:3008786","OXY-12-1",3,"class A beta-lactamase","class A beta-lactamase"
"473","ARO:3005111","blaS1","ARO:3008787","OXY-12-2",3,"class A beta-lactamase","class A beta-lactamase"
"474","ARO:3003007","bmr","ARO:0010002","major facilitator superfamily (MFS) antibiotic efflux pump",3,"MFS efflux pump","MFS efflux pump"
"475","ARO:3003110","catB10","ARO:3002676","catB3",3,"cat","cat"
"476","ARO:3004660","catB11","ARO:3002680","catB8",3,"cat","cat"
"477","ARO:3004460","catP","ARO:3002686","Vibrio anguillarum chloramphenicol acetyltransferase",3,"cat","cat"
"478","ARO:3000785","cmeC","ARO:0010004","resistance-nodulation-cell division (RND) antibiotic efflux pump",3,"efflux pump","efflux pump"
"479","ARO:3003099","cphA2","ARO:3003094","imiH",3,"class B beta-lactamase","class B beta-lactamase"
"480","ARO:3002868","dfrA3","ARO:3003105","dfrG",3,"dfr","dfr"
"481","ARO:3003954","efmA","ARO:0010004","resistance-nodulation-cell division (RND) antibiotic efflux pump",3,"MFS efflux pump","efflux pump"
"482","ARO:3000074","emrB","ARO:0010002","major facilitator superfamily (MFS) antibiotic efflux pump",3,"efflux pump","MFS efflux pump"
"483","ARO:3004597","emrY","ARO:3000254","Klebsiella pneumoniae KpnH",3,"efflux pump","efflux pump"
"484","ARO:3003962","farB","ARO:0010002","major facilitator superfamily (MFS) antibiotic efflux pump",3,"efflux pump","MFS efflux pump"
"485","ARO:3003838","gadW","ARO:0010004","resistance-nodulation-cell division (RND) antibiotic efflux pump",3,"efflux pump","efflux pump"
"486","ARO:3000368","glycopeptide resistance gene cluster VanC","ARO:3000246","vanC",3,"van","van"
"487","ARO:3004636","qnrE1","ARO:3004637","qnrE2",3,"qnr","qnr"
"488","ARO:3007027","salA","ARO:3003749","salC",3,"abcF","abcF"
"489","ARO:3007119","tet(32)","ARO:3000196","tet(O/32/O)",3,"tet RPG","tet RPG"
"490","ARO:3004441","tet(57)","ARO:3005006","tet(59)",3,"MFS efflux pump","MFS efflux pump"
"491","ARO:3000190","tet(M)","ARO:3000186","tet(O)",3,"tet RPG","tet RPG"
"492","ARO:3004442","tet(W/32/O)","ARO:3007124","tet(W/N/W)",3,"tet RPG","tet RPG"
"493","ARO:3000205","tet(X)","ARO:3005166","tet(X1)",3,"tet enzyme","tet enzyme"
"494","ARO:3000205","tet(X)","ARO:3005057","tet(X5)",3,"tet enzyme","tet enzyme"
"495","ARO:3000205","tet(X)","ARO:3005056","tet(X6)",3,"tet enzyme","tet enzyme"
"496","ARO:3004720","tet(X1)","ARO:3005166","tet(X4)",3,"tet enzyme","tet enzyme"
"497","ARO:3000005","vanD","ARO:3002908","vanF",3,"van","van"
"498","ARO:3002928","vanR gene in vanF cluster","ARO:3002925","vanR gene in vanM cluster",3,"van","van"
"499","ARO:3002952","vanX gene in vanA cluster","ARO:3002949","vanX gene in vanF cluster",3,"van","van"
"500","ARO:3002829","vgaA","ARO:3002830","vgaALC",3,"abcF","abcF"
"501","ARO:3002524","AAC(2')-Ib","ARO:3002526","AAC(2')-Id",2,"aac","aac"
"502","ARO:3002528","AAC(3)-I","ARO:3007384","AAC(3)-Ia",2,"aac","aac"
"503","ARO:3002535","AAC(3)-IIc","ARO:3005085","AAC(3)-IIg",2,"aac","aac"
"504","ARO:3004621","AAC(3)-IId","ARO:3004623","AAC(3)-IIe",2,"aac","aac"
"505","ARO:3004621","AAC(3)-IIe","ARO:3005085","AAC(3)-IIg",2,"aac","aac"
"506","ARO:3002543","AAC(3)-IXa","ARO:3002544","AAC(3)-Xa",2,"aac","aac"
"507","ARO:3002528","AAC(3)-Ia","ARO:3002530","AAC(3)-Ib",2,"aac","aac"
"508","ARO:3002528","AAC(3)-Ia","ARO:3002529","AAC(3)-Id",2,"aac","aac"
"509","ARO:3002542","AAC(3)-VIIIa","ARO:3002544","AAC(3)-Xa",2,"aac","aac"
"510","ARO:3002584","AAC(6')-29b","ARO:3002599","AAC(6')-30/AAC(6')-Ib' bifunctional protein",2,"aac","bifunctional aminoglycoside"
"511","ARO:3003989","AAC(6')-34","ARO:3003200","AAC(6')-Ian",2,"aac","aac"
"512","ARO:3004638","AAC(6')-I-48","ARO:3002572","AAC(6')-Iad",2,"aac","aac"
"513","ARO:3003199","AAC(6')-I-48","ARO:3004638","AAC(6')-Iak",2,"aac","aac"
"514","ARO:3002555","AAC(6')-I-48","ARO:3004638","AAC(6')-Ih",2,"aac","aac"
"515","ARO:3002558","AAC(6')-I-48","ARO:3004638","AAC(6')-Ik",2,"aac","aac"
"516","ARO:3002569","AAC(6')-I-48","ARO:3004638","AAC(6')-Iy",2,"aac","aac"
"517","ARO:3003199","AAC(6')-Iak","ARO:3002549","AAC(6')-Ic",2,"aac","aac"
"518","ARO:3002553","AAC(6')-Iap","ARO:3007204","AAC(6')-If",2,"aac","aac"
"519","ARO:3002546","AAC(6')-Ib","ARO:3002592","AAC(6')-Ib-Hangzhou",2,"aac","aac"
"520","ARO:3002579","AAC(6')-Ib","ARO:3002546","AAC(6')-Ib8",2,"aac","aac"
"521","ARO:3002579","AAC(6')-Ib-Hangzhou","ARO:3002592","AAC(6')-Ib8",2,"aac","aac"
"522","ARO:3004629","AAC(6')-Ie-APH(2'')-Ia bifunctional protein","ARO:3002597","AAC(6')-Im",2,"aac","bifunctional aminoglycoside"
"523","ARO:3002553","AAC(6')-If","ARO:3002557","AAC(6')-Ij",2,"aac","aac"
"524","ARO:3002553","AAC(6')-If","ARO:3002561","AAC(6')-Ir",2,"aac","aac"
"525","ARO:3002553","AAC(6')-If","ARO:3002567","AAC(6')-Iw",2,"aac","aac"
"526","ARO:3004629","AAC(6')-Im","ARO:3004191","APH(2'')-If",2,"aac","aph"
"527","ARO:3002565","AAC(6')-Iu","ARO:3002568","AAC(6')-Ix",2,"aac","aac"
"528","ARO:3006271","ACT-107","ARO:3007890","ACT-77",2,"class C beta-lactamase","class C beta-lactamase"
"529","ARO:3001849","ACT-109","ARO:3007892","ACT-29",2,"class C beta-lactamase","class C beta-lactamase"
"530","ARO:3007892","ACT-109","ARO:3007650","CDA-1",2,"class C beta-lactamase","class C beta-lactamase"
"531","ARO:3001834","ACT-12","ARO:3007650","CDA-1",2,"class C beta-lactamase","class C beta-lactamase"
"532","ARO:3001834","ACT-12","ARO:3009046","SFDC-1",2,"class C beta-lactamase","class C beta-lactamase"
"533","ARO:3007913","ACT-145","ARO:3001829","ACT-4",2,"class C beta-lactamase","class C beta-lactamase"
"534","ARO:3001825","ACT-145","ARO:3007913","ACT-6",2,"class C beta-lactamase","class C beta-lactamase"
"535","ARO:3007921","ACT-156","ARO:3001829","ACT-4",2,"class C beta-lactamase","class C beta-lactamase"
"536","ARO:3007921","ACT-156","ARO:3001825","ACT-6",2,"class C beta-lactamase","class C beta-lactamase"
"537","ARO:3006271","ACT-156","ARO:3007921","ACT-77",2,"class C beta-lactamase","class C beta-lactamase"
"538","ARO:3001825","ACT-172","ARO:3007935","ACT-6",2,"class C beta-lactamase","class C beta-lactamase"
"539","ARO:3007939","ACT-176","ARO:3001822","ACT-2",2,"class C beta-lactamase","class C beta-lactamase"
"540","ARO:3007939","ACT-176","ARO:3007650","CDA-1",2,"class C beta-lactamase","class C beta-lactamase"
"541","ARO:3001829","ACT-2","ARO:3001822","ACT-4",2,"class C beta-lactamase","class C beta-lactamase"
"542","ARO:3001825","ACT-2","ARO:3001822","ACT-6",2,"class C beta-lactamase","class C beta-lactamase"
"543","ARO:3001849","ACT-29","ARO:3003655","ACT-38",2,"class C beta-lactamase","class C beta-lactamase"
"544","ARO:3001849","ACT-29","ARO:3001825","ACT-6",2,"class C beta-lactamase","class C beta-lactamase"
"545","ARO:3001849","ACT-29","ARO:3008125","CMY-190",2,"class C beta-lactamase","class C beta-lactamase"
"546","ARO:3001849","ACT-29","ARO:3009046","SFDC-1",2,"class C beta-lactamase","class C beta-lactamase"
"547","ARO:3001825","ACT-4","ARO:3001829","ACT-6",2,"class C beta-lactamase","class C beta-lactamase"
"548","ARO:3006271","ACT-4","ARO:3001829","ACT-77",2,"class C beta-lactamase","class C beta-lactamase"
"549","ARO:3006244","ACT-49","ARO:3006271","ACT-77",2,"class C beta-lactamase","class C beta-lactamase"
"550","ARO:3003857","ADC-129","ARO:3006304","ADC-13",2,"class C beta-lactamase","class C beta-lactamase"
"551","ARO:3006304","ADC-129","ARO:3003868","ADC-25",2,"class C beta-lactamase","class C beta-lactamase"
"552","ARO:3006309","ADC-134","ARO:3003868","ADC-25",2,"class C beta-lactamase","class C beta-lactamase"
"553","ARO:3003860","ADC-16","ARO:3003868","ADC-25",2,"class C beta-lactamase","class C beta-lactamase"
"554","ARO:3003863","ADC-19","ARO:3003868","ADC-25",2,"class C beta-lactamase","class C beta-lactamase"
"555","ARO:3003863","ADC-19","ARO:3008053","ADC-343",2,"class C beta-lactamase","class C beta-lactamase"
"556","ARO:3006370","ADC-201","ARO:3008063","ADC-353",2,"class C beta-lactamase","class C beta-lactamase"
"557","ARO:3006375","ADC-206","ARO:3003868","ADC-25",2,"class C beta-lactamase","class C beta-lactamase"
"558","ARO:3003865","ADC-21","ARO:3003868","ADC-25",2,"class C beta-lactamase","class C beta-lactamase"
"559","ARO:3003866","ADC-22","ARO:3003868","ADC-25",2,"class C beta-lactamase","class C beta-lactamase"
"560","ARO:3008008","ADC-25","ARO:3003868","ADC-292",2,"class C beta-lactamase","class C beta-lactamase"
"561","ARO:3008053","ADC-25","ARO:3003868","ADC-343",2,"class C beta-lactamase","class C beta-lactamase"
"562","ARO:3008063","ADC-25","ARO:3003868","ADC-353",2,"class C beta-lactamase","class C beta-lactamase"
"563","ARO:3003874","ADC-25","ARO:3003868","ADC-43",2,"class C beta-lactamase","class C beta-lactamase"
"564","ARO:3003851","ADC-25","ARO:3003868","ADC-5",2,"class C beta-lactamase","class C beta-lactamase"
"565","ARO:3004493","ADC-25","ARO:3003868","ADC-68",2,"class C beta-lactamase","class C beta-lactamase"
"566","ARO:3002481","AER-1","ARO:3004773","CKO-1",2,"class A beta-lactamase","class A beta-lactamase"
"567","ARO:3009029","AIM-1","ARO:3000853","PJM-2",2,"class B beta-lactamase","class B beta-lactamase"
"568","ARO:3000851","ALG6-1","ARO:3006893","THIN-B",2,"class B beta-lactamase","class B beta-lactamase"
"569","ARO:3002492","AMZ-1","ARO:3007694","LRA-18",2,"class C beta-lactamase","class C beta-lactamase"
"570","ARO:3002647","APH(3')-IIIa","ARO:3002654","APH(3')-VIIa",2,"aph","aph"
"571","ARO:3002644","APH(3')-IIa","ARO:3002648","APH(3')-IVa",2,"aph","aph"
"572","ARO:3002645","APH(3')-IIb","ARO:3002647","APH(3')-IIIa",2,"aph","aph"
"573","ARO:3002649","APH(3')-IIb","ARO:3002645","APH(3')-Va",2,"aph","aph"
"574","ARO:3004087","APH(3')-IXa","ARO:3002653","APH(3')-VIb",2,"aph","aph"
"575","ARO:3002649","APH(3')-Va","ARO:3004680","APH(3')-VIIIa",2,"aph","aph"
"576","ARO:3002650","APH(3')-Vb","ARO:3002651","APH(3')-Vc",2,"aph","aph"
"577","ARO:3008390","AQU-1","ARO:3002993","MOX-22",2,"class C beta-lactamase","class C beta-lactamase"
"578","ARO:3002993","AQU-1","ARO:3008392","MOX-24",2,"class C beta-lactamase","class C beta-lactamase"
"579","ARO:3002993","AQU-1","ARO:3005150","PAC-1",2,"class C beta-lactamase","class C beta-lactamase"
"580","ARO:3004647","AQU-2","ARO:3006464","CMY-8b",2,"class C beta-lactamase","class C beta-lactamase"
"581","ARO:3008390","AQU-2","ARO:3004647","MOX-22",2,"class C beta-lactamase","class C beta-lactamase"
"582","ARO:3009041","AQU-2","ARO:3004647","RSC1-1",2,"class C beta-lactamase","class C beta-lactamase"
"583","ARO:3004648","AQU-3","ARO:3006464","CMY-8b",2,"class C beta-lactamase","class C beta-lactamase"
"584","ARO:3004740","AST-1","ARO:3004749","BCL-1",2,"class A beta-lactamase","class A beta-lactamase"
"585","ARO:3006946","AST-1","ARO:3004740","LUT-4",2,"class A beta-lactamase","class A beta-lactamase"
"586","ARO:3004740","AST-1","ARO:3009007","PEN-A29",2,"class A beta-lactamase","class A beta-lactamase"
"587","ARO:3004451","Agrobacterium fabrum chloramphenicol acetyltransferase","ARO:3003110","catB10",2,"cat","cat"
"588","ARO:3008079","B3SU2-1","ARO:3002512","LRA-17",2,"class B beta-lactamase","class B beta-lactamase"
"589","ARO:3009026","BES-1","ARO:3004751","PEN-B4",2,"class A beta-lactamase","class A beta-lactamase"
"590","ARO:3000855","BJP-1","ARO:3000856","CAU-1",2,"class B beta-lactamase","class B beta-lactamase"
"591","ARO:3002252","BOR-1","ARO:3008082","CARB-14",2,"class A beta-lactamase","class A beta-lactamase"
"592","ARO:3002255","BOR-1","ARO:3008082","CARB-16",2,"class A beta-lactamase","class A beta-lactamase"
"593","ARO:3001961","BOR-1","ARO:3008082","CTX-M-102",2,"class A beta-lactamase","class A beta-lactamase"
"594","ARO:3001981","BOR-1","ARO:3008082","CTX-M-122",2,"class A beta-lactamase","class A beta-lactamase"
"595","ARO:3001925","BOR-1","ARO:3008082","CTX-M-64",2,"class A beta-lactamase","class A beta-lactamase"
"596","ARO:3005096","BOR-1","ARO:3008082","GPC-1",2,"class A beta-lactamase","class A beta-lactamase"
"597","ARO:3002474","BOR-1","ARO:3008082","LEN-26",2,"class A beta-lactamase","class A beta-lactamase"
"598","ARO:3002423","BOR-1","ARO:3008082","OKP-A-6",2,"class A beta-lactamase","class A beta-lactamase"
"599","ARO:3008082","BOR-1","ARO:3008997","PEN-A1",2,"class A beta-lactamase","class A beta-lactamase"
"600","ARO:3008082","BOR-1","ARO:3009007","PEN-A29",2,"class A beta-lactamase","class A beta-lactamase"
"601","ARO:3003558","BOR-1","ARO:3008082","y56 beta-lactamase",2,"class A beta-lactamase","class A beta-lactamase"
"602","ARO:3002877","BcI","ARO:3004749","BCL-1",2,"class A beta-lactamase","class A beta-lactamase"
"603","ARO:3007101","BcIII","ARO:3006944","LUT-2",2,"class A beta-lactamase","class A beta-lactamase"
"604","ARO:3003565","BcIII","ARO:3007101","R39",2,"class A beta-lactamase","class A beta-lactamase"
"605","ARO:3002466","CAE-1","ARO:3007635","LEN-19",2,"class A beta-lactamase","class A beta-lactamase"
"606","ARO:3002474","CAE-1","ARO:3007635","LEN-26",2,"class A beta-lactamase","class A beta-lactamase"
"607","ARO:3007635","CAE-1","ARO:3008998","PEN-A20",2,"class A beta-lactamase","class A beta-lactamase"
"608","ARO:3007635","CAE-1","ARO:3009002","PEN-A24",2,"class A beta-lactamase","class A beta-lactamase"
"609","ARO:3009007","CAE-1","ARO:3007635","PEN-A29",2,"class A beta-lactamase","class A beta-lactamase"
"610","ARO:3007635","CAE-1","ARO:3009016","PEN-A38",2,"class A beta-lactamase","class A beta-lactamase"
"611","ARO:3007635","CAE-1","ARO:3009019","PEN-A6",2,"class A beta-lactamase","class A beta-lactamase"
"612","ARO:3007635","CAE-1","ARO:3009022","PEN-A9",2,"class A beta-lactamase","class A beta-lactamase"
"613","ARO:3009024","CAE-1","ARO:3007635","PEN-B2",2,"class A beta-lactamase","class A beta-lactamase"
"614","ARO:3003558","CAE-1","ARO:3007635","y56 beta-lactamase",2,"class A beta-lactamase","class A beta-lactamase"
"615","ARO:3008083","CAM-1","ARO:3004559","CAM-2",2,"class B beta-lactamase","class B beta-lactamase"
"616","ARO:3000606","CAR-1","ARO:3006903","FEZ-1",2,"class B beta-lactamase","class B beta-lactamase"
"617","ARO:3002249","CARB-10","ARO:3005584","CARB-50",2,"class A beta-lactamase","class A beta-lactamase"
"618","ARO:3002241","CARB-2","ARO:3002242","CARB-3",2,"class A beta-lactamase","class A beta-lactamase"
"619","ARO:3005588","CARB-49","ARO:3005583","CARB-54",2,"class A beta-lactamase","class A beta-lactamase"
"620","ARO:3002246","CARB-53","ARO:3005587","CARB-7",2,"class A beta-lactamase","class A beta-lactamase"
"621","ARO:3002248","CARB-53","ARO:3005587","CARB-9",2,"class A beta-lactamase","class A beta-lactamase"
"622","ARO:3002248","CARB-7","ARO:3002246","CARB-9",2,"class A beta-lactamase","class A beta-lactamase"
"623","ARO:3000855","CAU-1","ARO:3000606","FEZ-1",2,"class B beta-lactamase","class B beta-lactamase"
"624","ARO:3002127","CDA-1","ARO:3007650","CMY-116",2,"class C beta-lactamase","class C beta-lactamase"
"625","ARO:3001856","CFE-1","ARO:3008125","CMY-190",2,"class C beta-lactamase","class C beta-lactamase"
"626","ARO:3008084","CIA-3","ARO:3004770","CME-3",2,"class A beta-lactamase","class A beta-lactamase"
"627","ARO:3006883","CIM-1","ARO:3007840","ECV-1",2,"class B beta-lactamase","class B beta-lactamase"
"628","ARO:3004773","CKO-1","ARO:3006949","MAL-1",2,"class A beta-lactamase","class A beta-lactamase"
"629","ARO:3006155","CME-1","ARO:3004775","CME-2",2,"class A beta-lactamase","class A beta-lactamase"
"630","ARO:3008084","CME-2","ARO:3006155","CME-3",2,"class A beta-lactamase","class A beta-lactamase"
"631","ARO:3008182","CMY-1","ARO:3002012","FOX-20",2,"class C beta-lactamase","class C beta-lactamase"
"632","ARO:3008116","CMY-100","ARO:3002112","CMY-179",2,"class C beta-lactamase","class C beta-lactamase"
"633","ARO:3002087","CMY-100","ARO:3002112","CMY-74",2,"class C beta-lactamase","class C beta-lactamase"
"634","ARO:3002095","CMY-100","ARO:3002112","CMY-82",2,"class C beta-lactamase","class C beta-lactamase"
"635","ARO:3008125","CMY-179","ARO:3008116","CMY-190",2,"class C beta-lactamase","class C beta-lactamase"
"636","ARO:3008116","CMY-179","ARO:3002087","CMY-74",2,"class C beta-lactamase","class C beta-lactamase"
"637","ARO:3002069","CMY-59","ARO:3002078","CMY-65",2,"class C beta-lactamase","class C beta-lactamase"
"638","ARO:3002111","CMY-70","ARO:3002083","CMY-98",2,"class C beta-lactamase","class C beta-lactamase"
"639","ARO:3002095","CMY-74","ARO:3002087","CMY-82",2,"class C beta-lactamase","class C beta-lactamase"
"640","ARO:3002186","CMY-8b","ARO:3006464","MOX-3",2,"class C beta-lactamase","class C beta-lactamase"
"641","ARO:3005018","CRD3-1","ARO:3006864","LMB-1",2,"class B beta-lactamase","class B beta-lactamase"
"642","ARO:3006869","CSA-1","ARO:3006870","CSA-2",2,"class C beta-lactamase","class C beta-lactamase"
"643","ARO:3001866","CTX-M-140","ARO:3001998","CTX-M-3",2,"class A beta-lactamase","class A beta-lactamase"
"644","ARO:3007802","CTX-M-221","ARO:3005644","RATA-2",2,"class A beta-lactamase","class A beta-lactamase"
"645","ARO:3006924","CVI-1","ARO:3007005","YEM-1",2,"class B beta-lactamase","class B beta-lactamase"
"646","ARO:3004460","Campylobacter coli chloramphenicol acetyltransferase","ARO:3004454","Vibrio anguillarum chloramphenicol acetyltransferase",2,"cat","cat"
"647","ARO:3004454","Campylobacter coli chloramphenicol acetyltransferase","ARO:3002687","catQ",2,"cat","cat"
"648","ARO:3002674","CatU","ARO:3003983","Clostridium butyricum catB",2,"cat","cat"
"649","ARO:3006225","CblA-1","ARO:3002999","CepA-44",2,"class A beta-lactamase","class A beta-lactamase"
"650","ARO:3008395","CblA-1","ARO:3002999","MUN-6",2,"class A beta-lactamase","class A beta-lactamase"
"651","ARO:3003202","CblA-1","ARO:3002999","TLA-1",2,"class A beta-lactamase","class A beta-lactamase"
"652","ARO:3006942","CepA-29","ARO:3006224","LUS-1",2,"class A beta-lactamase","class A beta-lactamase"
"653","ARO:3003553","CepS","ARO:3006464","CMY-8b",2,"class C beta-lactamase","class C beta-lactamase"
"654","ARO:3006912","CfiA14","ARO:3006908","CfiA2",2,"class B beta-lactamase","class B beta-lactamase"
"655","ARO:3007374","EAM-1","ARO:3006873","PJM-1",2,"class B beta-lactamase","class B beta-lactamase"
"656","ARO:3009029","EAM-1","ARO:3006873","PJM-2",2,"class B beta-lactamase","class B beta-lactamase"
"657","ARO:3000842","EBR-1","ARO:3004463","EBR-2",2,"class B beta-lactamase","class B beta-lactamase"
"658","ARO:3000842","EBR-1","ARO:3005461","EBR-3",2,"class B beta-lactamase","class B beta-lactamase"
"659","ARO:3006875","EC-14","ARO:3006881","EC-8",2,"class C beta-lactamase","class C beta-lactamase"
"660","ARO:3006880","EC-19","ARO:3006879","EC-5",2,"class C beta-lactamase","class C beta-lactamase"
"661","ARO:3004290","EC-19","ARO:3006879","Escherichia coli ampC beta-lactamase",2,"class C beta-lactamase","class C beta-lactamase"
"662","ARO:3004290","EC-5","ARO:3006880","Escherichia coli ampC beta-lactamase",2,"class C beta-lactamase","class C beta-lactamase"
"663","ARO:3003717","ESP-1","ARO:3005698","GOB-50",2,"class B beta-lactamase","class B beta-lactamase"
"664","ARO:3002482","EXO-1","ARO:3003564","LRA-1",2,"class A beta-lactamase","class A beta-lactamase"
"665","ARO:3003564","EXO-1","ARO:3009007","PEN-A29",2,"class A beta-lactamase","class A beta-lactamase"
"666","ARO:3001265","Erm(30)","ARO:3000601","Erm(38)",2,"erm","erm"
"667","ARO:3001305","Erm(30)","ARO:3001265","ErmU",2,"erm","erm"
"668","ARO:3000605","Erm(36)","ARO:3000601","Erm(38)",2,"erm","erm"
"669","ARO:3000602","Erm(36)","ARO:3000605","Erm(39)",2,"erm","erm"
"670","ARO:3000605","Erm(36)","ARO:3004596","erm(46)",2,"erm","erm"
"671","ARO:3004606","Erm(38)","ARO:3000601","erm(40)",2,"erm","erm"
"672","ARO:3000594","ErmR","ARO:3001304","ErmS",2,"erm","erm"
"673","ARO:3004793","FONA-12","ARO:3008175","FONA-6",2,"class A beta-lactamase","class A beta-lactamase"
"674","ARO:3004793","FONA-6","ARO:3006980","RAHN-2",2,"class A beta-lactamase","class A beta-lactamase"
"675","ARO:3008182","FOX-2","ARO:3002156","FOX-20",2,"class C beta-lactamase","class C beta-lactamase"
"676","ARO:3008182","FOX-20","ARO:3002158","FOX-4",2,"class C beta-lactamase","class C beta-lactamase"
"677","ARO:3000149","FosA","ARO:3007368","FosG",2,"fos","fos"
"678","ARO:3003209","FosA3","ARO:3002872","fosA5",2,"fos","fos"
"679","ARO:3003210","FosA4","ARO:3007371","FosA8",2,"fos","fos"
"680","ARO:3007371","FosA8","ARO:3003207","FosK",2,"fos","fos"
"681","ARO:3007371","FosA8","ARO:3005024","FosL1",2,"fos","fos"
"682","ARO:3001384","GIL-1","ARO:3006888","TEM-207",2,"class A beta-lactamase","class A beta-lactamase"
"683","ARO:3000850","GOB-1","ARO:3005696","GOB-48",2,"class B beta-lactamase","class B beta-lactamase"
"684","ARO:3004092","HMB-1","ARO:3006977","PST-2",2,"class B beta-lactamase","class B beta-lactamase"
"685","ARO:3003689","ICR-Mo","ARO:3004569","MCR-1.1",2,"cell wall charge","cell wall charge"
"686","ARO:3004110","ICR-Mo","ARO:3004569","MCR-2.1",2,"cell wall charge","cell wall charge"
"687","ARO:3002263","IND-1","ARO:3002256","IND-7",2,"class B beta-lactamase","class B beta-lactamase"
"688","ARO:3002423","KBL-1","ARO:3007206","OKP-A-6",2,"class A beta-lactamase","class A beta-lactamase"
"689","ARO:3000847","KHM-1","ARO:3006976","PST-1",2,"class B beta-lactamase","class B beta-lactamase"
"690","ARO:3006927","KLUC-1","ARO:3006928","KLUC-2",2,"class A beta-lactamase","class A beta-lactamase"
"691","ARO:3002318","KPC-8","ARO:3009024","PEN-B2",2,"class A beta-lactamase","class A beta-lactamase"
"692","ARO:3000582","L1 beta-lactamase","ARO:3007201","PAM-3",2,"class B beta-lactamase","class B beta-lactamase"
"693","ARO:3000582","L1 beta-lactamase","ARO:3006975","POM-2",2,"class B beta-lactamase","class B beta-lactamase"
"694","ARO:3002482","LRA-1","ARO:3008821","PAD-1",2,"class A beta-lactamase","class A beta-lactamase"
"695","ARO:3002482","LRA-1","ARO:3008993","PEN-A16",2,"class A beta-lactamase","class A beta-lactamase"
"696","ARO:3002482","LRA-1","ARO:3008996","PEN-A19",2,"class A beta-lactamase","class A beta-lactamase"
"697","ARO:3002482","LRA-1","ARO:3009002","PEN-A24",2,"class A beta-lactamase","class A beta-lactamase"
"698","ARO:3002482","LRA-1","ARO:3009004","PEN-A26",2,"class A beta-lactamase","class A beta-lactamase"
"699","ARO:3002482","LRA-1","ARO:3009012","PEN-A33",2,"class A beta-lactamase","class A beta-lactamase"
"700","ARO:3002482","LRA-1","ARO:3003558","y56 beta-lactamase",2,"class A beta-lactamase","class A beta-lactamase"
"701","ARO:3002511","LRA-12","ARO:3002513","LRA-19",2,"class B beta-lactamase","class B beta-lactamase"
"702","ARO:3002511","LRA-12","ARO:3002510","LRA-3",2,"class B beta-lactamase","class B beta-lactamase"
"703","ARO:3002484","LRA-13","ARO:3008560","OXA-1142",2,"class D beta-lactamase","class D beta-lactamase"
"704","ARO:3009007","LRG-1","ARO:3006941","PEN-A29",2,"class A beta-lactamase","class A beta-lactamase"
"705","ARO:3006942","LUS-1","ARO:3009086","VEB-34",2,"class A beta-lactamase","class A beta-lactamase"
"706","ARO:3004455","Limosilactobacillus reuteri cat-TC","ARO:3002671","Streptococcus suis chloramphenicol acetyltransferase",2,"cat","cat"
"707","ARO:3002185","MOX-12","ARO:3006477","MOX-6",2,"class C beta-lactamase","class C beta-lactamase"
"708","ARO:3009041","MOX-9","ARO:3002191","RSC1-1",2,"class C beta-lactamase","class C beta-lactamase"
"709","ARO:3003894","MSI-1","ARO:3003718","Rm3",2,"class B beta-lactamase","class B beta-lactamase"
"710","ARO:3002518","OCH-1","ARO:3002514","OCH-5",2,"class C beta-lactamase","class C beta-lactamase"
"711","ARO:3002521","OCH-1","ARO:3002514","OCH-8",2,"class C beta-lactamase","class C beta-lactamase"
"712","ARO:3002515","OCH-2","ARO:3002519","OCH-6",2,"class C beta-lactamase","class C beta-lactamase"
"713","ARO:3002521","OCH-2","ARO:3002515","OCH-8",2,"class C beta-lactamase","class C beta-lactamase"
"714","ARO:3002520","OCH-3","ARO:3002516","OCH-7",2,"class C beta-lactamase","class C beta-lactamase"
"715","ARO:3002521","OCH-3","ARO:3002516","OCH-8",2,"class C beta-lactamase","class C beta-lactamase"
"716","ARO:3002420","OKP-A-3","ARO:3008821","PAD-1",2,"class A beta-lactamase","class A beta-lactamase"
"717","ARO:3008821","ORN-5","ARO:3006961","PAD-1",2,"class A beta-lactamase","class A beta-lactamase"
"718","ARO:3001550","OXA-1005","ARO:3008426","OXA-363",2,"class D beta-lactamase","class D beta-lactamase"
"719","ARO:3008462","OXA-1043","ARO:3008560","OXA-1142",2,"class D beta-lactamase","class D beta-lactamase"
"720","ARO:3008507","OXA-1089","ARO:3005324","OXA-570",2,"class D beta-lactamase","class D beta-lactamase"
"721","ARO:3005325","OXA-1089","ARO:3008507","OXA-573",2,"class D beta-lactamase","class D beta-lactamase"
"722","ARO:3001780","OXA-1100","ARO:3008518","OXA-85",2,"class D beta-lactamase","class D beta-lactamase"
"723","ARO:3001780","OXA-1101","ARO:3008519","OXA-85",2,"class D beta-lactamase","class D beta-lactamase"
"724","ARO:3008530","OXA-1112","ARO:3001737","OXA-282",2,"class D beta-lactamase","class D beta-lactamase"
"725","ARO:3001548","OXA-1112","ARO:3008530","OXA-361",2,"class D beta-lactamase","class D beta-lactamase"
"726","ARO:3001769","OXA-1142","ARO:3008560","OXA-42",2,"class D beta-lactamase","class D beta-lactamase"
"727","ARO:3001769","OXA-1153","ARO:3008571","OXA-42",2,"class D beta-lactamase","class D beta-lactamase"
"728","ARO:3001407","OXA-1157","ARO:3008575","OXA-12",2,"class D beta-lactamase","class D beta-lactamase"
"729","ARO:3008575","OXA-1157","ARO:3008720","OXA-725",2,"class D beta-lactamase","class D beta-lactamase"
"730","ARO:3008575","OXA-1157","ARO:3006099","OXA-912",2,"class D beta-lactamase","class D beta-lactamase"
"731","ARO:3008578","OXA-1160","ARO:3003115","OXA-427",2,"class D beta-lactamase","class D beta-lactamase"
"732","ARO:3008578","OXA-1160","ARO:3005734","OXA-504",2,"class D beta-lactamase","class D beta-lactamase"
"733","ARO:3001397","OXA-1173","ARO:3008591","OXA-2",2,"class D beta-lactamase","class D beta-lactamase"
"734","ARO:3001775","OXA-119","ARO:3005937","OXA-732",2,"class D beta-lactamase","class D beta-lactamase"
"735","ARO:3001407","OXA-12","ARO:3006099","OXA-912",2,"class D beta-lactamase","class D beta-lactamase"
"736","ARO:3001407","OXA-12","ARO:3008727","OXA-950",2,"class D beta-lactamase","class D beta-lactamase"
"737","ARO:3003599","OXA-1239","ARO:3008649","OXA-443",2,"class D beta-lactamase","class D beta-lactamase"
"738","ARO:3008680","OXA-1270","ARO:3006041","OXA-848",2,"class D beta-lactamase","class D beta-lactamase"
"739","ARO:3001792","OXA-152","ARO:3001457","OXA-62",2,"class D beta-lactamase","class D beta-lactamase"
"740","ARO:3001478","OXA-193","ARO:3003616","OXA-460",2,"class D beta-lactamase","class D beta-lactamase"
"741","ARO:3001478","OXA-193","ARO:3001773","OXA-61",2,"class D beta-lactamase","class D beta-lactamase"
"742","ARO:3003620","OXA-198","ARO:3001805","OXA-464",2,"class D beta-lactamase","class D beta-lactamase"
"743","ARO:3001397","OXA-2","ARO:3005937","OXA-732",2,"class D beta-lactamase","class D beta-lactamase"
"744","ARO:3001777","OXA-209","ARO:3001809","OXA-347",2,"class D beta-lactamase","class D beta-lactamase"
"745","ARO:3001710","OXA-211","ARO:3005864","OXA-644",2,"class D beta-lactamase","class D beta-lactamase"
"746","ARO:3001714","OXA-215","ARO:3001742","OXA-287",2,"class D beta-lactamase","class D beta-lactamase"
"747","ARO:3001693","OXA-230","ARO:3008730","OXA-953",2,"class D beta-lactamase","class D beta-lactamase"
"748","ARO:3001550","OXA-235","ARO:3001676","OXA-363",2,"class D beta-lactamase","class D beta-lactamase"
"749","ARO:3001610","OXA-243","ARO:3003611","OXA-455",2,"class D beta-lactamase","class D beta-lactamase"
"750","ARO:3001610","OXA-243","ARO:3005743","OXA-513",2,"class D beta-lactamase","class D beta-lactamase"
"751","ARO:3001694","OXA-257","ARO:3005878","OXA-666",2,"class D beta-lactamase","class D beta-lactamase"
"752","ARO:3001694","OXA-257","ARO:3005932","OXA-727",2,"class D beta-lactamase","class D beta-lactamase"
"753","ARO:3001694","OXA-257","ARO:3005933","OXA-728",2,"class D beta-lactamase","class D beta-lactamase"
"754","ARO:3003117","OXA-270","ARO:3001726","OXA-421",2,"class D beta-lactamase","class D beta-lactamase"
"755","ARO:3001726","OXA-270","ARO:3006017","OXA-819",2,"class D beta-lactamase","class D beta-lactamase"
"756","ARO:3001681","OXA-278","ARO:3001738","OXA-283",2,"class D beta-lactamase","class D beta-lactamase"
"757","ARO:3001681","OXA-278","ARO:3001523","OXA-335",2,"class D beta-lactamase","class D beta-lactamase"
"758","ARO:3001681","OXA-278","ARO:3005335","OXA-496",2,"class D beta-lactamase","class D beta-lactamase"
"759","ARO:3001738","OXA-282","ARO:3001737","OXA-283",2,"class D beta-lactamase","class D beta-lactamase"
"760","ARO:3001523","OXA-282","ARO:3001737","OXA-335",2,"class D beta-lactamase","class D beta-lactamase"
"761","ARO:3001523","OXA-283","ARO:3001738","OXA-335",2,"class D beta-lactamase","class D beta-lactamase"
"762","ARO:3001751","OXA-296","ARO:3005878","OXA-666",2,"class D beta-lactamase","class D beta-lactamase"
"763","ARO:3001398","OXA-3","ARO:3005314","OXA-540",2,"class D beta-lactamase","class D beta-lactamase"
"764","ARO:3001549","OXA-362","ARO:3005339","OXA-646",2,"class D beta-lactamase","class D beta-lactamase"
"765","ARO:3001582","OXA-396","ARO:3005727","OXA-494",2,"class D beta-lactamase","class D beta-lactamase"
"766","ARO:3003117","OXA-421","ARO:3006017","OXA-819",2,"class D beta-lactamase","class D beta-lactamase"
"767","ARO:3006103","OXA-427","ARO:3003115","OXA-917",2,"class D beta-lactamase","class D beta-lactamase"
"768","ARO:3003600","OXA-444","ARO:3005060","OXA-837",2,"class D beta-lactamase","class D beta-lactamase"
"769","ARO:3001773","OXA-460","ARO:3003616","OXA-61",2,"class D beta-lactamase","class D beta-lactamase"
"770","ARO:3005325","OXA-573","ARO:3005060","OXA-837",2,"class D beta-lactamase","class D beta-lactamase"
"771","ARO:3001772","OXA-59","ARO:3005093","OXA-899",2,"class D beta-lactamase","class D beta-lactamase"
"772","ARO:3006099","OXA-725","ARO:3008720","OXA-912",2,"class D beta-lactamase","class D beta-lactamase"
"773","ARO:3005150","PAC-1","ARO:3006999","SST-1",2,"class C beta-lactamase","class C beta-lactamase"
"774","ARO:3008822","PAM-1","ARO:3007199","PAM-5",2,"class B beta-lactamase","class B beta-lactamase"
"775","ARO:3000621","PC1","ARO:3008823","PC1 beta-lactamase (blaZ)",2,"class A beta-lactamase","class A beta-lactamase"
"776","ARO:3006619","PDC-177","ARO:3006556","PDC-241",2,"class C beta-lactamase","class C beta-lactamase"
"777","ARO:3009041","PDC-177","ARO:3006556","RSC1-1",2,"class C beta-lactamase","class C beta-lactamase"
"778","ARO:3006815","PDC-241","ARO:3006619","PDC-447",2,"class C beta-lactamase","class C beta-lactamase"
"779","ARO:3009041","PDC-272","ARO:3005296","RSC1-1",2,"class C beta-lactamase","class C beta-lactamase"
"780","ARO:3006691","PDC-320","ARO:3005312","PDC-429",2,"class C beta-lactamase","class C beta-lactamase"
"781","ARO:3009041","PDC-495","ARO:3008842","RSC1-1",2,"class C beta-lactamase","class C beta-lactamase"
"782","ARO:3009041","PDC-524","ARO:3008871","RSC1-1",2,"class C beta-lactamase","class C beta-lactamase"
"783","ARO:3009024","PEN-A1","ARO:3008997","PEN-B2",2,"class A beta-lactamase","class A beta-lactamase"
"784","ARO:3009024","PEN-A11","ARO:3008989","PEN-B2",2,"class A beta-lactamase","class A beta-lactamase"
"785","ARO:3008996","PEN-A19","ARO:3009007","PEN-A29",2,"class A beta-lactamase","class A beta-lactamase"
"786","ARO:3009007","PEN-A20","ARO:3008998","PEN-A29",2,"class A beta-lactamase","class A beta-lactamase"
"787","ARO:3009007","PEN-A29","ARO:3009022","PEN-A9",2,"class A beta-lactamase","class A beta-lactamase"
"788","ARO:3009024","PEN-A29","ARO:3009007","PEN-B2",2,"class A beta-lactamase","class A beta-lactamase"
"789","ARO:3003558","PEN-A29","ARO:3009007","y56 beta-lactamase",2,"class A beta-lactamase","class A beta-lactamase"
"790","ARO:3006973","PEN-A34","ARO:3009013","PME-1",2,"class A beta-lactamase","class A beta-lactamase"
"791","ARO:3009024","PEN-A38","ARO:3009016","PEN-B2",2,"class A beta-lactamase","class A beta-lactamase"
"792","ARO:3009024","PEN-B1","ARO:3009023","PEN-B2",2,"class A beta-lactamase","class A beta-lactamase"
"793","ARO:3007802","PER-2","ARO:3002364","RATA-2",2,"class A beta-lactamase","class A beta-lactamase"
"794","ARO:3007374","PJM-1","ARO:3000854","SMB-1",2,"class B beta-lactamase","class B beta-lactamase"
"795","ARO:3009033","PNC-2","ARO:3009034","PNC-3",2,"class C beta-lactamase","class C beta-lactamase"
"796","ARO:3006977","PST-1","ARO:3006976","PST-2",2,"class B beta-lactamase","class B beta-lactamase"
"797","ARO:3002724","QnrB10","ARO:3002719","QnrB5",2,"qnr","qnr"
"798","ARO:3006998","RAA-1","ARO:3009035","SPU-1",2,"class A beta-lactamase","class A beta-lactamase"
"799","ARO:3009036","RAHN-2","ARO:3006980","RAHN-3",2,"class A beta-lactamase","class A beta-lactamase"
"800","ARO:3007802","RATA-2","ARO:3009062","SHV-243",2,"class A beta-lactamase","class A beta-lactamase"
"801","ARO:3007802","RATA-2","ARO:3001131","SHV-77",2,"class A beta-lactamase","class A beta-lactamase"
"802","ARO:3000873","RUB-1","ARO:3006984","TEM-1",2,"class A beta-lactamase","class A beta-lactamase"
"803","ARO:3009044","SED-1","ARO:3003561","SED-2",2,"class A beta-lactamase","class A beta-lactamase"
"804","ARO:3006992","SGM-1","ARO:3006987","SGM-6",2,"class A beta-lactamase","class A beta-lactamase"
"805","ARO:3006988","SGM-2","ARO:3006989","SGM-3",2,"class A beta-lactamase","class A beta-lactamase"
"806","ARO:3006988","SGM-2","ARO:3006991","SGM-5",2,"class A beta-lactamase","class A beta-lactamase"
"807","ARO:3006988","SGM-2","ARO:3006992","SGM-6",2,"class A beta-lactamase","class A beta-lactamase"
"808","ARO:3004105","SHD-1","ARO:3007017","TMB-1",2,"class B beta-lactamase","class B beta-lactamase"
"809","ARO:3002494","SRT-1","ARO:3002493","SRT-2",2,"class C beta-lactamase","class C beta-lactamase"
"810","ARO:3009065","SRT-2","ARO:3002494","SRT-4",2,"class C beta-lactamase","class C beta-lactamase"
"811","ARO:3000195","Streptomyces rimosus otr(A)","ARO:3002891","tetB(P)",2,"tet RPG","tet RPG"
"812","ARO:3000873","TEM-1","ARO:3001004","TEM-141",2,"class A beta-lactamase","class A beta-lactamase"
"813","ARO:3000873","TEM-1","ARO:3001383","TEM-206",2,"class A beta-lactamase","class A beta-lactamase"
"814","ARO:3000979","TEM-116","ARO:3001023","TEM-157",2,"class A beta-lactamase","class A beta-lactamase"
"815","ARO:3001383","TEM-141","ARO:3001004","TEM-206",2,"class A beta-lactamase","class A beta-lactamase"
"816","ARO:3000926","TEM-57","ARO:3007007","TER-2",2,"class A beta-lactamase","class A beta-lactamase"
"817","ARO:3007003","VHH-1","ARO:3007004","VHW-1",2,"class A beta-lactamase","class A beta-lactamase"
"818","ARO:3002601","aadA","ARO:3002619","aadA22",2,"ant","ant"
"819","ARO:3004692","aadA10","ARO:3002616","aadA16",2,"ant","ant"
"820","ARO:3004692","aadA10","ARO:3002619","aadA22",2,"ant","ant"
"821","ARO:3002613","aadA13","ARO:3002619","aadA22",2,"ant","ant"
"822","ARO:3000777","adeF","ARO:3000781","adeJ",2,"efflux pump","efflux pump"
"823","ARO:3002846","arr-1","ARO:3002852","arr-7",2,"rifampin inactivation enzyme","rifampin inactivation enzyme"
"824","ARO:3002850","arr-2","ARO:3002847","arr-5",2,"rifampin inactivation enzyme","rifampin inactivation enzyme"
"825","ARO:3007014","bcrC","ARO:3003250","qacJ",2,"efflux pump","molecular bypass"
"826","ARO:3003562","blaF","ARO:3009024","PEN-B2",2,"class A beta-lactamase","class A beta-lactamase"
"827","ARO:3000215","blaR1","ARO:3000217","mecR1",2,"beta-lactam modulation resistance","beta-lactam modulation resistance"
"828","ARO:3003565","blaS1","ARO:3005111","R39",2,"class A beta-lactamase","class A beta-lactamase"
"829","ARO:3004660","catB11","ARO:3002679","Pseudomonas aeruginosa catB7",2,"cat","cat"
"830","ARO:3002680","catB3","ARO:3002676","catB8",2,"cat","cat"
"831","ARO:3004656","catII from Escherichia coli K-12","ARO:3002685","catIII",2,"cat","cat"
"832","ARO:3004599","cfr(B)","ARO:3004649","clcD",2,"target-modifying enzyme","target-modifying enzyme"
"833","ARO:3002814","clbA","ARO:3004599","clcD",2,"target-modifying enzyme","target-modifying enzyme"
"834","ARO:3003101","cphA5","ARO:3003094","imiH",2,"class B beta-lactamase","class B beta-lactamase"
"835","ARO:3004640","dfrA15b","ARO:3004644","dfrA6 from Proteus mirabilis",2,"dfr","dfr"
"836","ARO:3002860","dfrA17","ARO:3004547","dfrA6",2,"dfr","dfr"
"837","ARO:3002860","dfrA17","ARO:3004644","dfrA6 from Proteus mirabilis",2,"dfr","dfr"
"838","ARO:3007654","erm(46)","ARO:3004596","erm(56)",2,"erm","erm"
"839","ARO:3002704","fexA","ARO:3007019","fexB",2,"MFS efflux pump","MFS efflux pump"
"840","ARO:3003552","fusB","ARO:3004663","FusF",2,"fusB-type","fusB-type"
"841","ARO:3002879","linG","ARO:3002839","lnuF",2,"lnu","lnu"
"842","ARO:3000792","mdtA","ARO:0010004","resistance-nodulation-cell division (RND) antibiotic efflux pump",2,"efflux pump","efflux pump"
"843","ARO:3005097","mecC-type BlaZ","ARO:3008823","PC1",2,"class A beta-lactamase","class A beta-lactamase"
"844","ARO:3003072","mphL","ARO:3003767","mphM",2,"mph","mph"
"845","ARO:3007043","msr(I)","ARO:3005087","msrF",2,"abcF","abcF"
"846","ARO:3000811","mtrD","ARO:0010004","resistance-nodulation-cell division (RND) antibiotic efflux pump",2,"efflux pump","efflux pump"
"847","ARO:3003046","qacA","ARO:3003047","qacB",2,"MFS efflux pump","MFS efflux pump"
"848","ARO:3002667","rmtD","ARO:3004677","rmtD2",2,"target-modifying enzyme","target-modifying enzyme"
"849","ARO:3007029","salD","ARO:3007028","salE",2,"abcF","abcF"
"850","ARO:0010003","small multidrug resistance (SMR) antibiotic efflux pump","ARO:3003063","ykkC",2,"efflux pump","efflux pump"
"851","ARO:3000174","tet(62)","ARO:3007492","tet(G)",2,"MFS efflux pump","MFS efflux pump"
"852","ARO:3003070","vanX gene in vanD cluster","ARO:3002952","vanX gene in vanF cluster",2,"van","van"
"853","ARO:3002952","vanX gene in vanF cluster","ARO:3007190","vanX gene in vanP cluster",2,"van","van"
"854","ARO:3002954","vanX gene in vanO cluster","ARO:3007190","vanX gene in vanP cluster",2,"van","van"
"855","ARO:3002833","vga(E) Staphylococcus cohnii","ARO:3004715","vgaE",2,"abcF","abcF"
"856","ARO:3000599","23S rRNA (adenine(2058)-N(6))-methyltransferase Erm(A)","ARO:3005099","Erm(33)",1,"erm","erm"
"857","ARO:3002524","AAC(2')-Ib","ARO:3002527","AAC(2')-Ie",1,"aac","aac"
"858","ARO:3002525","AAC(2')-Ic","ARO:3002526","AAC(2')-Id",1,"aac","aac"
"859","ARO:3002538","AAC(3)-IIIc","ARO:3002542","AAC(3)-VIIIa",1,"aac","aac"
"860","ARO:3002534","AAC(3)-IIb","ARO:3002535","AAC(3)-IIc",1,"aac","aac"
"861","ARO:3002534","AAC(3)-IIb","ARO:3005085","AAC(3)-IIg",1,"aac","aac"
"862","ARO:3002541","AAC(3)-VIIa","ARO:3002544","AAC(3)-Xa",1,"aac","aac"
"863","ARO:3002583","AAC(6')-29a","ARO:3002584","AAC(6')-29b",1,"aac","aac"
"864","ARO:3003676","AAC(6')-31","ARO:3002585","AAC(6')-Ib'",1,"aac","aac"
"865","ARO:3002578","AAC(6')-31","ARO:3002585","AAC(6')-Ib7",1,"aac","aac"
"866","ARO:3002594","AAC(6')-32","ARO:3002586","AAC(6')-IIa",1,"aac","aac"
"867","ARO:3002549","AAC(6')-32","ARO:3002586","AAC(6')-Ic",1,"aac","aac"
"868","ARO:3002557","AAC(6')-I-48","ARO:3004638","AAC(6')-Ij",1,"aac","aac"
"869","ARO:3004635","AAC(6')-I-48","ARO:3004638","AAC(6')-Il",1,"aac","aac"
"870","ARO:3002561","AAC(6')-I-48","ARO:3004638","AAC(6')-Ir",1,"aac","aac"
"871","ARO:3002594","AAC(6')-IIa","ARO:3002616","aadA16",1,"aac","ant"
"872","ARO:3007204","AAC(6')-Iad","ARO:3002572","AAC(6')-Iap",1,"aac","aac"
"873","ARO:3002567","AAC(6')-Iad","ARO:3002572","AAC(6')-Iw",1,"aac","aac"
"874","ARO:3002574","AAC(6')-Iaf","ARO:3002559","AAC(6')-Ip",1,"aac","aac"
"875","ARO:3003199","AAC(6')-Iak","ARO:3007204","AAC(6')-Iap",1,"aac","aac"
"876","ARO:3002546","AAC(6')-Ib","ARO:3005115","AAC(6')-Ib-cr5",1,"aac","aac"
"877","ARO:3002576","AAC(6')-Ib","ARO:3002546","AAC(6')-Ib3",1,"aac","aac"
"878","ARO:3002578","AAC(6')-Ib","ARO:3002546","AAC(6')-Ib7",1,"aac","aac"
"879","ARO:3002546","AAC(6')-Ib","ARO:3002598","ANT(3'')-II-AAC(6')-IId bifunctional protein",1,"aac","bifunctional aminoglycoside"
"880","ARO:3002616","AAC(6')-Ib","ARO:3002546","aadA16",1,"ant","aac"
"881","ARO:3002594","AAC(6')-Ib'","ARO:3003676","AAC(6')-IIa",1,"aac","aac"
"882","ARO:3003676","AAC(6')-Ib'","ARO:3002595","AAC(6')-IIb",1,"aac","aac"
"883","ARO:3003676","AAC(6')-Ib'","ARO:3002578","AAC(6')-Ib7",1,"aac","aac"
"884","ARO:3002598","AAC(6')-Ib-Hangzhou","ARO:3002592","ANT(3'')-II-AAC(6')-IId bifunctional protein",1,"bifunctional aminoglycoside","aac"
"885","ARO:3002616","AAC(6')-Ib-Hangzhou","ARO:3002592","aadA16",1,"ant","aac"
"886","ARO:3002549","AAC(6')-Ib-SK","ARO:3002593","AAC(6')-Ic",1,"aac","aac"
"887","ARO:3002576","AAC(6')-Ib-Suzhou","ARO:3002591","AAC(6')-Ib3",1,"aac","aac"
"888","ARO:3002547","AAC(6')-Ib-cr1","ARO:3005116","AAC(6')-Ib-cr6",1,"aac","aac"
"889","ARO:3002581","AAC(6')-Ib-cr1","ARO:3002547","AAC(6')-Ib10",1,"aac","aac"
"890","ARO:3002581","AAC(6')-Ib-cr5","ARO:3005115","AAC(6')-Ib10",1,"aac","aac"
"891","ARO:3002581","AAC(6')-Ib-cr6","ARO:3005116","AAC(6')-Ib10",1,"aac","aac"
"892","ARO:3002581","AAC(6')-Ib10","ARO:3002594","AAC(6')-IIa",1,"aac","aac"
"893","ARO:3002581","AAC(6')-Ib10","ARO:3002578","AAC(6')-Ib7",1,"aac","aac"
"894","ARO:3002581","AAC(6')-Ib10","ARO:3002579","AAC(6')-Ib8",1,"aac","aac"
"895","ARO:3002581","AAC(6')-Ib10","ARO:3002680","catB8",1,"aac","cat"
"896","ARO:3002680","AAC(6')-Ib4","ARO:3002577","catB8",1,"cat","aac"
"897","ARO:3002579","AAC(6')-Ib8","ARO:3002598","ANT(3'')-II-AAC(6')-IId bifunctional protein",1,"aac","bifunctional aminoglycoside"
"898","ARO:3002579","AAC(6')-Ib8","ARO:3002616","aadA16",1,"aac","ant"
"899","ARO:3004451","AAC(6')-Ib9","ARO:3002580","Agrobacterium fabrum chloramphenicol acetyltransferase",1,"cat","aac"
"900","ARO:3003110","AAC(6')-Ib9","ARO:3002580","catB10",1,"cat","aac"
"901","ARO:3002680","AAC(6')-Ib9","ARO:3002580","catB8",1,"cat","aac"
"902","ARO:3002549","AAC(6')-Ic","ARO:3002557","AAC(6')-Ij",1,"aac","aac"
"903","ARO:3002549","AAC(6')-Ic","ARO:3002565","AAC(6')-Iu",1,"aac","aac"
"904","ARO:3002567","AAC(6')-Ic","ARO:3002549","AAC(6')-Iw",1,"aac","aac"
"905","ARO:3002569","AAC(6')-Ic","ARO:3002549","AAC(6')-Iy",1,"aac","aac"
"906","ARO:3002553","AAC(6')-If","ARO:3002558","AAC(6')-Ik",1,"aac","aac"
"907","ARO:3002553","AAC(6')-If","ARO:3002568","AAC(6')-Ix",1,"aac","aac"
"908","ARO:3002561","AAC(6')-Ig","ARO:3002554","AAC(6')-Ir",1,"aac","aac"
"909","ARO:3002565","AAC(6')-Ig","ARO:3002554","AAC(6')-Iu",1,"aac","aac"
"910","ARO:3002567","AAC(6')-Ig","ARO:3002554","AAC(6')-Iw",1,"aac","aac"
"911","ARO:3002555","AAC(6')-Ih","ARO:3002561","AAC(6')-Ir",1,"aac","aac"
"912","ARO:3002590","AAC(6')-Ii","ARO:3002556","AAC(6')-Iih",1,"aac","aac"
"913","ARO:3002590","AAC(6')-Iid","ARO:3002589","AAC(6')-Iih",1,"aac","aac"
"914","ARO:3002557","AAC(6')-Ij","ARO:3002566","AAC(6')-Iv",1,"aac","aac"
"915","ARO:3002558","AAC(6')-Ik","ARO:3002561","AAC(6')-Ir",1,"aac","aac"
"916","ARO:3002570","AAC(6')-Ik","ARO:3002558","AAC(6')-Iz",1,"aac","aac"
"917","ARO:3002619","AAC(6')-Il","ARO:3004635","aadA22",1,"ant","aac"
"918","ARO:3002604","AAC(6')-Il","ARO:3004635","aadA4",1,"ant","aac"
"919","ARO:3002606","AAC(6')-Il","ARO:3004635","aadA6",1,"ant","aac"
"920","ARO:3002561","AAC(6')-Ir","ARO:3002564","AAC(6')-It",1,"aac","aac"
"921","ARO:3002561","AAC(6')-Ir","ARO:3002565","AAC(6')-Iu",1,"aac","aac"
"922","ARO:3002567","AAC(6')-Ir","ARO:3002561","AAC(6')-Iw",1,"aac","aac"
"923","ARO:3002561","AAC(6')-Ir","ARO:3002568","AAC(6')-Ix",1,"aac","aac"
"924","ARO:3002565","AAC(6')-Is","ARO:3002562","AAC(6')-Iu",1,"aac","aac"
"925","ARO:3006228","ACC-1a","ARO:3006230","ACC-1c",1,"class C beta-lactamase","class C beta-lactamase"
"926","ARO:3006228","ACC-1a","ARO:3001819","ACC-5",1,"class C beta-lactamase","class C beta-lactamase"
"927","ARO:3009041","ACC-1a","ARO:3006228","RSC1-1",1,"class C beta-lactamase","class C beta-lactamase"
"928","ARO:3009065","ACC-1a","ARO:3006228","SRT-4",1,"class C beta-lactamase","class C beta-lactamase"
"929","ARO:3001819","ACC-1c","ARO:3006230","ACC-5",1,"class C beta-lactamase","class C beta-lactamase"
"930","ARO:3006232","ACC-2","ARO:3001816","ACC-7",1,"class C beta-lactamase","class C beta-lactamase"
"931","ARO:3009041","ACC-7","ARO:3006232","RSC1-1",1,"class C beta-lactamase","class C beta-lactamase"
"932","ARO:3007101","ACI-1","ARO:3004359","BcIII",1,"class A beta-lactamase","class A beta-lactamase"
"933","ARO:3007913","ACT-1","ARO:3001821","ACT-145",1,"class C beta-lactamase","class C beta-lactamase"
"934","ARO:3001822","ACT-1","ARO:3001821","ACT-2",1,"class C beta-lactamase","class C beta-lactamase"
"935","ARO:3001829","ACT-1","ARO:3001821","ACT-4",1,"class C beta-lactamase","class C beta-lactamase"
"936","ARO:3001825","ACT-1","ARO:3001821","ACT-6",1,"class C beta-lactamase","class C beta-lactamase"
"937","ARO:3007913","ACT-10","ARO:3001832","ACT-145",1,"class C beta-lactamase","class C beta-lactamase"
"938","ARO:3001849","ACT-10","ARO:3001832","ACT-29",1,"class C beta-lactamase","class C beta-lactamase"
"939","ARO:3007965","ACT-10","ARO:3001832","ACT-93",1,"class C beta-lactamase","class C beta-lactamase"
"940","ARO:3007884","ACT-101","ARO:3007919","ACT-154",1,"class C beta-lactamase","class C beta-lactamase"
"941","ARO:3007884","ACT-101","ARO:3007956","ACT-193",1,"class C beta-lactamase","class C beta-lactamase"
"942","ARO:3007884","ACT-101","ARO:3007650","CDA-1",1,"class C beta-lactamase","class C beta-lactamase"
"943","ARO:3007884","ACT-101","ARO:3008125","CMY-190",1,"class C beta-lactamase","class C beta-lactamase"
"944","ARO:3001848","ACT-102","ARO:3007885","ACT-28",1,"class C beta-lactamase","class C beta-lactamase"
"945","ARO:3007438","ACT-102","ARO:3007885","LAQ-1",1,"class C beta-lactamase","class C beta-lactamase"
"946","ARO:3007921","ACT-107","ARO:3007890","ACT-156",1,"class C beta-lactamase","class C beta-lactamase"
"947","ARO:3007890","ACT-107","ARO:3001842","ACT-21",1,"class C beta-lactamase","class C beta-lactamase"
"948","ARO:3007890","ACT-107","ARO:3001829","ACT-4",1,"class C beta-lactamase","class C beta-lactamase"
"949","ARO:3006244","ACT-107","ARO:3007890","ACT-49",1,"class C beta-lactamase","class C beta-lactamase"
"950","ARO:3007890","ACT-107","ARO:3001824","ACT-5",1,"class C beta-lactamase","class C beta-lactamase"
"951","ARO:3001825","ACT-107","ARO:3007890","ACT-6",1,"class C beta-lactamase","class C beta-lactamase"
"952","ARO:3001834","ACT-109","ARO:3007892","ACT-12",1,"class C beta-lactamase","class C beta-lactamase"
"953","ARO:3006243","ACT-109","ARO:3007892","ACT-48",1,"class C beta-lactamase","class C beta-lactamase"
"954","ARO:3008125","ACT-109","ARO:3007892","CMY-190",1,"class C beta-lactamase","class C beta-lactamase"
"955","ARO:3001834","ACT-111","ARO:3007894","ACT-12",1,"class C beta-lactamase","class C beta-lactamase"
"956","ARO:3007921","ACT-111","ARO:3007894","ACT-156",1,"class C beta-lactamase","class C beta-lactamase"
"957","ARO:3007935","ACT-111","ARO:3007894","ACT-172",1,"class C beta-lactamase","class C beta-lactamase"
"958","ARO:3001825","ACT-111","ARO:3007894","ACT-6",1,"class C beta-lactamase","class C beta-lactamase"
"959","ARO:3001843","ACT-112","ARO:3007895","ACT-22",1,"class C beta-lactamase","class C beta-lactamase"
"960","ARO:3007898","ACT-116","ARO:3007918","ACT-153",1,"class C beta-lactamase","class C beta-lactamase"
"961","ARO:3001849","ACT-116","ARO:3007898","ACT-29",1,"class C beta-lactamase","class C beta-lactamase"
"962","ARO:3006244","ACT-116","ARO:3007898","ACT-49",1,"class C beta-lactamase","class C beta-lactamase"
"963","ARO:3001825","ACT-116","ARO:3007898","ACT-6",1,"class C beta-lactamase","class C beta-lactamase"
"964","ARO:3001834","ACT-117","ARO:3007899","ACT-12",1,"class C beta-lactamase","class C beta-lactamase"
"965","ARO:3009046","ACT-117","ARO:3007899","SFDC-1",1,"class C beta-lactamase","class C beta-lactamase"
"966","ARO:3001843","ACT-118","ARO:3007900","ACT-22",1,"class C beta-lactamase","class C beta-lactamase"
"967","ARO:3001849","ACT-118","ARO:3007900","ACT-29",1,"class C beta-lactamase","class C beta-lactamase"
"968","ARO:3007900","ACT-118","ARO:3003655","ACT-38",1,"class C beta-lactamase","class C beta-lactamase"
"969","ARO:3007900","ACT-118","ARO:3001829","ACT-4",1,"class C beta-lactamase","class C beta-lactamase"
"970","ARO:3008125","ACT-118","ARO:3007900","CMY-190",1,"class C beta-lactamase","class C beta-lactamase"
"971","ARO:3001834","ACT-12","ARO:3007907","ACT-131",1,"class C beta-lactamase","class C beta-lactamase"
"972","ARO:3001834","ACT-12","ARO:3007921","ACT-156",1,"class C beta-lactamase","class C beta-lactamase"
"973","ARO:3001834","ACT-12","ARO:3007935","ACT-172",1,"class C beta-lactamase","class C beta-lactamase"
"974","ARO:3001834","ACT-12","ARO:3007939","ACT-176",1,"class C beta-lactamase","class C beta-lactamase"
"975","ARO:3001834","ACT-12","ARO:3006249","ACT-54",1,"class C beta-lactamase","class C beta-lactamase"
"976","ARO:3001834","ACT-12","ARO:3001825","ACT-6",1,"class C beta-lactamase","class C beta-lactamase"
"977","ARO:3007907","ACT-131","ARO:3006249","ACT-54",1,"class C beta-lactamase","class C beta-lactamase"
"978","ARO:3007913","ACT-145","ARO:3001822","ACT-2",1,"class C beta-lactamase","class C beta-lactamase"
"979","ARO:3007913","ACT-145","ARO:3003655","ACT-38",1,"class C beta-lactamase","class C beta-lactamase"
"980","ARO:3007965","ACT-145","ARO:3007913","ACT-93",1,"class C beta-lactamase","class C beta-lactamase"
"981","ARO:3001847","ACT-15","ARO:3001837","ACT-27",1,"class C beta-lactamase","class C beta-lactamase"
"982","ARO:3006254","ACT-15","ARO:3001837","ACT-59",1,"class C beta-lactamase","class C beta-lactamase"
"983","ARO:3001849","ACT-153","ARO:3007918","ACT-29",1,"class C beta-lactamase","class C beta-lactamase"
"984","ARO:3006244","ACT-153","ARO:3007918","ACT-49",1,"class C beta-lactamase","class C beta-lactamase"
"985","ARO:3001825","ACT-153","ARO:3007918","ACT-6",1,"class C beta-lactamase","class C beta-lactamase"
"986","ARO:3007919","ACT-154","ARO:3007929","ACT-166",1,"class C beta-lactamase","class C beta-lactamase"
"987","ARO:3001849","ACT-154","ARO:3007919","ACT-29",1,"class C beta-lactamase","class C beta-lactamase"
"988","ARO:3006875","ACT-154","ARO:3007919","EC-14",1,"class C beta-lactamase","class C beta-lactamase"
"989","ARO:3006881","ACT-154","ARO:3007919","EC-8",1,"class C beta-lactamase","class C beta-lactamase"
"990","ARO:3002489","ACT-154","ARO:3007919","LRA-10",1,"class C beta-lactamase","class C beta-lactamase"
"991","ARO:3002176","ACT-154","ARO:3007919","MIR-11",1,"class C beta-lactamase","class C beta-lactamase"
"992","ARO:3009096","ACT-154","ARO:3007919","YOC-1",1,"class C beta-lactamase","class C beta-lactamase"
"993","ARO:3007921","ACT-156","ARO:3007922","ACT-157",1,"class C beta-lactamase","class C beta-lactamase"
"994","ARO:3007921","ACT-156","ARO:3007935","ACT-172",1,"class C beta-lactamase","class C beta-lactamase"
"995","ARO:3007921","ACT-156","ARO:3001842","ACT-21",1,"class C beta-lactamase","class C beta-lactamase"
"996","ARO:3007921","ACT-156","ARO:3001824","ACT-5",1,"class C beta-lactamase","class C beta-lactamase"
"997","ARO:3007921","ACT-156","ARO:3007650","CDA-1",1,"class C beta-lactamase","class C beta-lactamase"
"998","ARO:3002176","ACT-156","ARO:3007921","MIR-11",1,"class C beta-lactamase","class C beta-lactamase"
"999","ARO:3007921","ACT-156","ARO:3006860","MIR-20",1,"class C beta-lactamase","class C beta-lactamase"
"1000","ARO:3001827","ACT-157","ARO:3007922","ACT-16",1,"class C beta-lactamase","class C beta-lactamase"
"1001","ARO:3001838","ACT-157","ARO:3007922","ACT-17",1,"class C beta-lactamase","class C beta-lactamase"
"1002","ARO:3007952","ACT-157","ARO:3007922","ACT-189",1,"class C beta-lactamase","class C beta-lactamase"
"1003","ARO:3001847","ACT-157","ARO:3007922","ACT-27",1,"class C beta-lactamase","class C beta-lactamase"
"1004","ARO:3001829","ACT-157","ARO:3007922","ACT-4",1,"class C beta-lactamase","class C beta-lactamase"
"1005","ARO:3006271","ACT-157","ARO:3007922","ACT-77",1,"class C beta-lactamase","class C beta-lactamase"
"1006","ARO:3001838","ACT-16","ARO:3001827","ACT-17",1,"class C beta-lactamase","class C beta-lactamase"
"1007","ARO:3007952","ACT-16","ARO:3001827","ACT-189",1,"class C beta-lactamase","class C beta-lactamase"
"1008","ARO:3001847","ACT-16","ARO:3001827","ACT-27",1,"class C beta-lactamase","class C beta-lactamase"
"1009","ARO:3007935","ACT-160","ARO:3007925","ACT-172",1,"class C beta-lactamase","class C beta-lactamase"
"1010","ARO:3007925","ACT-160","ARO:3007951","ACT-188",1,"class C beta-lactamase","class C beta-lactamase"
"1011","ARO:3006244","ACT-160","ARO:3007925","ACT-49",1,"class C beta-lactamase","class C beta-lactamase"
"1012","ARO:3001825","ACT-160","ARO:3007925","ACT-6",1,"class C beta-lactamase","class C beta-lactamase"
"1013","ARO:3006271","ACT-160","ARO:3007925","ACT-77",1,"class C beta-lactamase","class C beta-lactamase"
"1014","ARO:3001838","ACT-17","ARO:3007952","ACT-189",1,"class C beta-lactamase","class C beta-lactamase"
"1015","ARO:3001847","ACT-17","ARO:3001838","ACT-27",1,"class C beta-lactamase","class C beta-lactamase"
"1016","ARO:3007935","ACT-172","ARO:3007951","ACT-188",1,"class C beta-lactamase","class C beta-lactamase"
"1017","ARO:3006244","ACT-172","ARO:3007935","ACT-49",1,"class C beta-lactamase","class C beta-lactamase"
"1018","ARO:3006271","ACT-172","ARO:3007935","ACT-77",1,"class C beta-lactamase","class C beta-lactamase"
"1019","ARO:3007939","ACT-176","ARO:3007940","ACT-177",1,"class C beta-lactamase","class C beta-lactamase"
"1020","ARO:3001843","ACT-176","ARO:3007939","ACT-22",1,"class C beta-lactamase","class C beta-lactamase"
"1021","ARO:3001849","ACT-176","ARO:3007939","ACT-29",1,"class C beta-lactamase","class C beta-lactamase"
"1022","ARO:3007939","ACT-176","ARO:3001829","ACT-4",1,"class C beta-lactamase","class C beta-lactamase"
"1023","ARO:3007939","ACT-176","ARO:3006245","ACT-50",1,"class C beta-lactamase","class C beta-lactamase"
"1024","ARO:3001825","ACT-176","ARO:3007939","ACT-6",1,"class C beta-lactamase","class C beta-lactamase"
"1025","ARO:3006271","ACT-176","ARO:3007939","ACT-77",1,"class C beta-lactamase","class C beta-lactamase"
"1026","ARO:3001822","ACT-177","ARO:3007940","ACT-2",1,"class C beta-lactamase","class C beta-lactamase"
"1027","ARO:3001849","ACT-177","ARO:3007940","ACT-29",1,"class C beta-lactamase","class C beta-lactamase"
"1028","ARO:3001829","ACT-177","ARO:3007940","ACT-4",1,"class C beta-lactamase","class C beta-lactamase"
"1029","ARO:3006245","ACT-177","ARO:3007940","ACT-50",1,"class C beta-lactamase","class C beta-lactamase"
"1030","ARO:3007943","ACT-180","ARO:3007650","CDA-1",1,"class C beta-lactamase","class C beta-lactamase"
"1031","ARO:3002127","ACT-180","ARO:3007943","CMY-116",1,"class C beta-lactamase","class C beta-lactamase"
"1032","ARO:3006244","ACT-188","ARO:3007951","ACT-49",1,"class C beta-lactamase","class C beta-lactamase"
"1033","ARO:3001825","ACT-188","ARO:3007951","ACT-6",1,"class C beta-lactamase","class C beta-lactamase"
"1034","ARO:3006271","ACT-188","ARO:3007951","ACT-77",1,"class C beta-lactamase","class C beta-lactamase"
"1035","ARO:3001847","ACT-189","ARO:3007952","ACT-27",1,"class C beta-lactamase","class C beta-lactamase"
"1036","ARO:3007956","ACT-193","ARO:3007650","CDA-1",1,"class C beta-lactamase","class C beta-lactamase"
"1037","ARO:3001849","ACT-2","ARO:3001822","ACT-29",1,"class C beta-lactamase","class C beta-lactamase"
"1038","ARO:3006245","ACT-2","ARO:3001822","ACT-50",1,"class C beta-lactamase","class C beta-lactamase"
"1039","ARO:3006271","ACT-2","ARO:3001822","ACT-77",1,"class C beta-lactamase","class C beta-lactamase"
"1040","ARO:3001829","ACT-21","ARO:3001842","ACT-4",1,"class C beta-lactamase","class C beta-lactamase"
"1041","ARO:3001824","ACT-21","ARO:3001842","ACT-5",1,"class C beta-lactamase","class C beta-lactamase"
"1042","ARO:3006271","ACT-21","ARO:3001842","ACT-77",1,"class C beta-lactamase","class C beta-lactamase"
"1043","ARO:3001849","ACT-22","ARO:3001843","ACT-29",1,"class C beta-lactamase","class C beta-lactamase"
"1044","ARO:3001843","ACT-22","ARO:3007650","CDA-1",1,"class C beta-lactamase","class C beta-lactamase"
"1045","ARO:3001843","ACT-22","ARO:3008125","CMY-190",1,"class C beta-lactamase","class C beta-lactamase"
"1046","ARO:3001843","ACT-22","ARO:3009046","SFDC-1",1,"class C beta-lactamase","class C beta-lactamase"
"1047","ARO:3001843","ACT-22","ARO:3009096","YOC-1",1,"class C beta-lactamase","class C beta-lactamase"
"1048","ARO:3001847","ACT-27","ARO:3006254","ACT-59",1,"class C beta-lactamase","class C beta-lactamase"
"1049","ARO:3001848","ACT-28","ARO:3006247","ACT-52",1,"class C beta-lactamase","class C beta-lactamase"
"1050","ARO:3001848","ACT-28","ARO:3001826","ACT-9",1,"class C beta-lactamase","class C beta-lactamase"
"1051","ARO:3006244","ACT-29","ARO:3001849","ACT-49",1,"class C beta-lactamase","class C beta-lactamase"
"1052","ARO:3001849","ACT-29","ARO:3006245","ACT-50",1,"class C beta-lactamase","class C beta-lactamase"
"1053","ARO:3001849","ACT-29","ARO:3007965","ACT-93",1,"class C beta-lactamase","class C beta-lactamase"
"1054","ARO:3001849","ACT-29","ARO:3002117","CMY-105",1,"class C beta-lactamase","class C beta-lactamase"
"1055","ARO:3001849","ACT-29","ARO:3002126","CMY-115",1,"class C beta-lactamase","class C beta-lactamase"
"1056","ARO:3001849","ACT-29","ARO:3005219","CMY-144",1,"class C beta-lactamase","class C beta-lactamase"
"1057","ARO:3001849","ACT-29","ARO:3006458","CMY-159",1,"class C beta-lactamase","class C beta-lactamase"
"1058","ARO:3001849","ACT-29","ARO:3008116","CMY-179",1,"class C beta-lactamase","class C beta-lactamase"
"1059","ARO:3003172","ACT-37","ARO:3001830","ACT-7",1,"class C beta-lactamase","class C beta-lactamase"
"1060","ARO:3003172","ACT-37","ARO:3008125","CMY-190",1,"class C beta-lactamase","class C beta-lactamase"
"1061","ARO:3003172","ACT-37","ARO:3002083","CMY-70",1,"class C beta-lactamase","class C beta-lactamase"
"1062","ARO:3003172","ACT-37","ARO:3007438","LAQ-1",1,"class C beta-lactamase","class C beta-lactamase"
"1063","ARO:3001829","ACT-38","ARO:3003655","ACT-4",1,"class C beta-lactamase","class C beta-lactamase"
"1064","ARO:3001825","ACT-38","ARO:3003655","ACT-6",1,"class C beta-lactamase","class C beta-lactamase"
"1065","ARO:3006243","ACT-4","ARO:3001829","ACT-48",1,"class C beta-lactamase","class C beta-lactamase"
"1066","ARO:3001829","ACT-4","ARO:3001824","ACT-5",1,"class C beta-lactamase","class C beta-lactamase"
"1067","ARO:3006245","ACT-4","ARO:3001829","ACT-50",1,"class C beta-lactamase","class C beta-lactamase"
"1068","ARO:3006248","ACT-4","ARO:3001829","ACT-53",1,"class C beta-lactamase","class C beta-lactamase"
"1069","ARO:3006243","ACT-48","ARO:3006248","ACT-53",1,"class C beta-lactamase","class C beta-lactamase"
"1070","ARO:3006243","ACT-48","ARO:3001825","ACT-6",1,"class C beta-lactamase","class C beta-lactamase"
"1071","ARO:3006243","ACT-48","ARO:3007650","CDA-1",1,"class C beta-lactamase","class C beta-lactamase"
"1072","ARO:3006244","ACT-49","ARO:3008125","CMY-190",1,"class C beta-lactamase","class C beta-lactamase"
"1073","ARO:3006271","ACT-5","ARO:3001824","ACT-77",1,"class C beta-lactamase","class C beta-lactamase"
"1074","ARO:3001825","ACT-50","ARO:3006245","ACT-6",1,"class C beta-lactamase","class C beta-lactamase"
"1075","ARO:3006271","ACT-50","ARO:3006245","ACT-77",1,"class C beta-lactamase","class C beta-lactamase"
"1076","ARO:3006245","ACT-50","ARO:3007650","CDA-1",1,"class C beta-lactamase","class C beta-lactamase"
"1077","ARO:3002127","ACT-50","ARO:3006245","CMY-116",1,"class C beta-lactamase","class C beta-lactamase"
"1078","ARO:3006247","ACT-52","ARO:3001826","ACT-9",1,"class C beta-lactamase","class C beta-lactamase"
"1079","ARO:3001825","ACT-53","ARO:3006248","ACT-6",1,"class C beta-lactamase","class C beta-lactamase"
"1080","ARO:3002045","ACT-85","ARO:3007958","CMY-34",1,"class C beta-lactamase","class C beta-lactamase"
"1081","ARO:3004615","ADC-11","ARO:3006390","ADC-221",1,"class C beta-lactamase","class C beta-lactamase"
"1082","ARO:3004615","ADC-11","ARO:3003868","ADC-25",1,"class C beta-lactamase","class C beta-lactamase"
"1083","ARO:3006424","ADC-11","ARO:3004615","ADC-254",1,"class C beta-lactamase","class C beta-lactamase"
"1084","ARO:3003851","ADC-11","ARO:3004615","ADC-5",1,"class C beta-lactamase","class C beta-lactamase"
"1085","ARO:3004615","ADC-11","ARO:3006438","ADC-66",1,"class C beta-lactamase","class C beta-lactamase"
"1086","ARO:3006294","ADC-116","ARO:3003868","ADC-25",1,"class C beta-lactamase","class C beta-lactamase"
"1087","ARO:3003881","ADC-116","ARO:3006294","ADC-75",1,"class C beta-lactamase","class C beta-lactamase"
"1088","ARO:3003856","ADC-12","ARO:3003868","ADC-25",1,"class C beta-lactamase","class C beta-lactamase"
"1089","ARO:3003874","ADC-12","ARO:3003856","ADC-43",1,"class C beta-lactamase","class C beta-lactamase"
"1090","ARO:3003857","ADC-13","ARO:3006313","ADC-138",1,"class C beta-lactamase","class C beta-lactamase"
"1091","ARO:3003857","ADC-13","ARO:3006375","ADC-206",1,"class C beta-lactamase","class C beta-lactamase"
"1092","ARO:3006306","ADC-131","ARO:3003868","ADC-25",1,"class C beta-lactamase","class C beta-lactamase"
"1093","ARO:3008060","ADC-131","ARO:3006306","ADC-350",1,"class C beta-lactamase","class C beta-lactamase"
"1094","ARO:3004493","ADC-131","ARO:3006306","ADC-68",1,"class C beta-lactamase","class C beta-lactamase"
"1095","ARO:3006308","ADC-133","ARO:3006390","ADC-221",1,"class C beta-lactamase","class C beta-lactamase"
"1096","ARO:3006308","ADC-133","ARO:3003868","ADC-25",1,"class C beta-lactamase","class C beta-lactamase"
"1097","ARO:3006308","ADC-133","ARO:3004493","ADC-68",1,"class C beta-lactamase","class C beta-lactamase"
"1098","ARO:3003859","ADC-134","ARO:3006309","ADC-15",1,"class C beta-lactamase","class C beta-lactamase"
"1099","ARO:3003860","ADC-134","ARO:3006309","ADC-16",1,"class C beta-lactamase","class C beta-lactamase"
"1100","ARO:3008011","ADC-134","ARO:3006309","ADC-295",1,"class C beta-lactamase","class C beta-lactamase"
"1101","ARO:3003860","ADC-137","ARO:3006312","ADC-16",1,"class C beta-lactamase","class C beta-lactamase"
"1102","ARO:3006370","ADC-137","ARO:3006312","ADC-201",1,"class C beta-lactamase","class C beta-lactamase"
"1103","ARO:3006312","ADC-137","ARO:3006379","ADC-210",1,"class C beta-lactamase","class C beta-lactamase"
"1104","ARO:3006312","ADC-137","ARO:3003868","ADC-25",1,"class C beta-lactamase","class C beta-lactamase"
"1105","ARO:3006313","ADC-138","ARO:3003868","ADC-25",1,"class C beta-lactamase","class C beta-lactamase"
"1106","ARO:3003859","ADC-15","ARO:3003868","ADC-25",1,"class C beta-lactamase","class C beta-lactamase"
"1107","ARO:3003866","ADC-150","ARO:3006324","ADC-22",1,"class C beta-lactamase","class C beta-lactamase"
"1108","ARO:3006324","ADC-150","ARO:3003868","ADC-25",1,"class C beta-lactamase","class C beta-lactamase"
"1109","ARO:3006328","ADC-154","ARO:3003868","ADC-25",1,"class C beta-lactamase","class C beta-lactamase"
"1110","ARO:3003851","ADC-154","ARO:3006328","ADC-5",1,"class C beta-lactamase","class C beta-lactamase"
"1111","ARO:3006328","ADC-154","ARO:3003882","ADC-76",1,"class C beta-lactamase","class C beta-lactamase"
"1112","ARO:3003860","ADC-16","ARO:3006370","ADC-201",1,"class C beta-lactamase","class C beta-lactamase"
"1113","ARO:3003860","ADC-16","ARO:3006379","ADC-210",1,"class C beta-lactamase","class C beta-lactamase"
"1114","ARO:3003860","ADC-16","ARO:3008011","ADC-295",1,"class C beta-lactamase","class C beta-lactamase"
"1115","ARO:3003862","ADC-18","ARO:3003868","ADC-25",1,"class C beta-lactamase","class C beta-lactamase"
"1116","ARO:3003863","ADC-19","ARO:3003865","ADC-21",1,"class C beta-lactamase","class C beta-lactamase"
"1117","ARO:3003863","ADC-19","ARO:3003866","ADC-22",1,"class C beta-lactamase","class C beta-lactamase"
"1118","ARO:3003863","ADC-19","ARO:3008008","ADC-292",1,"class C beta-lactamase","class C beta-lactamase"
"1119","ARO:3003863","ADC-19","ARO:3008062","ADC-352",1,"class C beta-lactamase","class C beta-lactamase"
"1120","ARO:3003848","ADC-2","ARO:3003868","ADC-25",1,"class C beta-lactamase","class C beta-lactamase"
"1121","ARO:3003886","ADC-2","ARO:3003848","ADC-80",1,"class C beta-lactamase","class C beta-lactamase"
"1122","ARO:3006375","ADC-20","ARO:3003864","ADC-206",1,"class C beta-lactamase","class C beta-lactamase"
"1123","ARO:3003864","ADC-20","ARO:3006390","ADC-221",1,"class C beta-lactamase","class C beta-lactamase"
"1124","ARO:3003864","ADC-20","ARO:3003868","ADC-25",1,"class C beta-lactamase","class C beta-lactamase"
"1125","ARO:3003874","ADC-20","ARO:3003864","ADC-43",1,"class C beta-lactamase","class C beta-lactamase"
"1126","ARO:3006370","ADC-201","ARO:3006379","ADC-210",1,"class C beta-lactamase","class C beta-lactamase"
"1127","ARO:3003874","ADC-206","ARO:3006375","ADC-43",1,"class C beta-lactamase","class C beta-lactamase"
"1128","ARO:3003865","ADC-21","ARO:3006390","ADC-221",1,"class C beta-lactamase","class C beta-lactamase"
"1129","ARO:3008003","ADC-21","ARO:3003865","ADC-287",1,"class C beta-lactamase","class C beta-lactamase"
"1130","ARO:3008053","ADC-21","ARO:3003865","ADC-343",1,"class C beta-lactamase","class C beta-lactamase"
"1131","ARO:3003872","ADC-21","ARO:3003865","ADC-41",1,"class C beta-lactamase","class C beta-lactamase"
"1132","ARO:3006379","ADC-210","ARO:3003868","ADC-25",1,"class C beta-lactamase","class C beta-lactamase"
"1133","ARO:3003866","ADC-22","ARO:3008008","ADC-292",1,"class C beta-lactamase","class C beta-lactamase"
"1134","ARO:3003866","ADC-22","ARO:3008053","ADC-343",1,"class C beta-lactamase","class C beta-lactamase"
"1135","ARO:3003866","ADC-22","ARO:3008062","ADC-352",1,"class C beta-lactamase","class C beta-lactamase"
"1136","ARO:3008008","ADC-221","ARO:3006390","ADC-292",1,"class C beta-lactamase","class C beta-lactamase"
"1137","ARO:3008011","ADC-221","ARO:3006390","ADC-295",1,"class C beta-lactamase","class C beta-lactamase"
"1138","ARO:3008045","ADC-221","ARO:3006390","ADC-335",1,"class C beta-lactamase","class C beta-lactamase"
"1139","ARO:3008063","ADC-221","ARO:3006390","ADC-353",1,"class C beta-lactamase","class C beta-lactamase"
"1140","ARO:3006440","ADC-221","ARO:3006390","ADC-83",1,"class C beta-lactamase","class C beta-lactamase"
"1141","ARO:3006424","ADC-25","ARO:3003868","ADC-254",1,"class C beta-lactamase","class C beta-lactamase"
"1142","ARO:3007974","ADC-25","ARO:3003868","ADC-258",1,"class C beta-lactamase","class C beta-lactamase"
"1143","ARO:3007986","ADC-25","ARO:3003868","ADC-270",1,"class C beta-lactamase","class C beta-lactamase"
"1144","ARO:3008003","ADC-25","ARO:3003868","ADC-287",1,"class C beta-lactamase","class C beta-lactamase"
"1145","ARO:3008011","ADC-25","ARO:3003868","ADC-295",1,"class C beta-lactamase","class C beta-lactamase"
"1146","ARO:3008049","ADC-25","ARO:3003868","ADC-339",1,"class C beta-lactamase","class C beta-lactamase"
"1147","ARO:3008060","ADC-25","ARO:3003868","ADC-350",1,"class C beta-lactamase","class C beta-lactamase"
"1148","ARO:3008062","ADC-25","ARO:3003868","ADC-352",1,"class C beta-lactamase","class C beta-lactamase"
"1149","ARO:3003872","ADC-25","ARO:3003868","ADC-41",1,"class C beta-lactamase","class C beta-lactamase"
"1150","ARO:3006438","ADC-25","ARO:3003868","ADC-66",1,"class C beta-lactamase","class C beta-lactamase"
"1151","ARO:3003881","ADC-25","ARO:3003868","ADC-75",1,"class C beta-lactamase","class C beta-lactamase"
"1152","ARO:3003882","ADC-25","ARO:3003868","ADC-76",1,"class C beta-lactamase","class C beta-lactamase"
"1153","ARO:3003885","ADC-25","ARO:3003868","ADC-79",1,"class C beta-lactamase","class C beta-lactamase"
"1154","ARO:3003886","ADC-25","ARO:3003868","ADC-80",1,"class C beta-lactamase","class C beta-lactamase"
"1155","ARO:3006445","ADC-25","ARO:3003868","ADC-88",1,"class C beta-lactamase","class C beta-lactamase"
"1156","ARO:3003851","ADC-254","ARO:3006424","ADC-5",1,"class C beta-lactamase","class C beta-lactamase"
"1157","ARO:3006424","ADC-254","ARO:3006438","ADC-66",1,"class C beta-lactamase","class C beta-lactamase"
"1158","ARO:3008049","ADC-258","ARO:3007974","ADC-339",1,"class C beta-lactamase","class C beta-lactamase"
"1159","ARO:3007986","ADC-270","ARO:3003885","ADC-79",1,"class C beta-lactamase","class C beta-lactamase"
"1160","ARO:3003872","ADC-287","ARO:3008003","ADC-41",1,"class C beta-lactamase","class C beta-lactamase"
"1161","ARO:3008053","ADC-292","ARO:3008008","ADC-343",1,"class C beta-lactamase","class C beta-lactamase"
"1162","ARO:3008008","ADC-292","ARO:3008062","ADC-352",1,"class C beta-lactamase","class C beta-lactamase"
"1163","ARO:3008008","ADC-292","ARO:3006445","ADC-88",1,"class C beta-lactamase","class C beta-lactamase"
"1164","ARO:3008053","ADC-343","ARO:3008062","ADC-352",1,"class C beta-lactamase","class C beta-lactamase"
"1165","ARO:3008060","ADC-350","ARO:3004493","ADC-68",1,"class C beta-lactamase","class C beta-lactamase"
"1166","ARO:3003851","ADC-5","ARO:3006438","ADC-66",1,"class C beta-lactamase","class C beta-lactamase"
"1167","ARO:3003851","ADC-5","ARO:3003882","ADC-76",1,"class C beta-lactamase","class C beta-lactamase"
"1168","ARO:3002481","AER-1","ARO:3005111","blaS1",1,"class A beta-lactamase","class A beta-lactamase"
"1169","ARO:3000853","AIM-1","ARO:3008073","AIM-2",1,"class B beta-lactamase","class B beta-lactamase"
"1170","ARO:3006892","ALG11-1","ARO:3006926","GRD33-1",1,"class B beta-lactamase","class B beta-lactamase"
"1171","ARO:3003894","ALG11-1","ARO:3006892","Rm3",1,"class B beta-lactamase","class B beta-lactamase"
"1172","ARO:3000851","ALG11-1","ARO:3006892","THIN-B",1,"class B beta-lactamase","class B beta-lactamase"
"1173","ARO:3003894","ALG6-1","ARO:3006893","Rm3",1,"class B beta-lactamase","class B beta-lactamase"
"1174","ARO:3000854","ALG6-1","ARO:3006893","SMB-1",1,"class B beta-lactamase","class B beta-lactamase"
"1175","ARO:3007694","AMZ-1","ARO:3008976","PDC-629",1,"class C beta-lactamase","class C beta-lactamase"
"1176","ARO:3009032","AMZ-1","ARO:3007694","PNC-1",1,"class C beta-lactamase","class C beta-lactamase"
"1177","ARO:3009033","AMZ-1","ARO:3007694","PNC-2",1,"class C beta-lactamase","class C beta-lactamase"
"1178","ARO:3006999","AMZ-1","ARO:3007694","SST-1",1,"class C beta-lactamase","class C beta-lactamase"
"1179","ARO:3002638","APH(3'')-Ia","ARO:3002639","APH(3'')-Ib",1,"aph","aph"
"1180","ARO:3002638","APH(3'')-Ia","ARO:3002648","APH(3')-IVa",1,"aph","aph"
"1181","ARO:3002660","APH(3'')-Ib","ARO:3002639","APH(6)-Id",1,"aph","aph"
"1182","ARO:3004087","APH(3')-IIIa","ARO:3002647","APH(3')-IXa",1,"aph","aph"
"1183","ARO:3002647","APH(3')-IIIa","ARO:3002652","APH(3')-VIa",1,"aph","aph"
"1184","ARO:3002651","APH(3')-IIb","ARO:3002645","APH(3')-Vc",1,"aph","aph"
"1185","ARO:3002645","APH(3')-IIb","ARO:3004675","aphA15",1,"aph","aph"
"1186","ARO:3002646","APH(3')-IIc","ARO:3002649","APH(3')-Va",1,"aph","aph"
"1187","ARO:3002646","APH(3')-IIc","ARO:3004675","aphA15",1,"aph","aph"
"1188","ARO:3002648","APH(3')-IVa","ARO:3004675","aphA15",1,"aph","aph"
"1189","ARO:3004087","APH(3')-IXa","ARO:3002652","APH(3')-VIa",1,"aph","aph"
"1190","ARO:3002993","AQU-1","ARO:3004647","AQU-2",1,"class C beta-lactamase","class C beta-lactamase"
"1191","ARO:3002993","AQU-1","ARO:3004648","AQU-3",1,"class C beta-lactamase","class C beta-lactamase"
"1192","ARO:3002993","AQU-1","ARO:3002012","CMY-1",1,"class C beta-lactamase","class C beta-lactamase"
"1193","ARO:3002993","AQU-1","ARO:3006464","CMY-8b",1,"class C beta-lactamase","class C beta-lactamase"
"1194","ARO:3002993","AQU-1","ARO:3002492","LRA-18",1,"class C beta-lactamase","class C beta-lactamase"
"1195","ARO:3002993","AQU-1","ARO:3002183","MOX-2",1,"class C beta-lactamase","class C beta-lactamase"
"1196","ARO:3002993","AQU-1","ARO:3002519","OCH-6",1,"class C beta-lactamase","class C beta-lactamase"
"1197","ARO:3004647","AQU-2","ARO:3004648","AQU-3",1,"class C beta-lactamase","class C beta-lactamase"
"1198","ARO:3008383","AQU-2","ARO:3004647","MOX-15",1,"class C beta-lactamase","class C beta-lactamase"
"1199","ARO:3008384","AQU-2","ARO:3004647","MOX-16",1,"class C beta-lactamase","class C beta-lactamase"
"1200","ARO:3004647","AQU-2","ARO:3002183","MOX-2",1,"class C beta-lactamase","class C beta-lactamase"
"1201","ARO:3002186","AQU-2","ARO:3004647","MOX-3",1,"class C beta-lactamase","class C beta-lactamase"
"1202","ARO:3004647","AQU-2","ARO:3006789","PDC-42",1,"class C beta-lactamase","class C beta-lactamase"
"1203","ARO:3004648","AQU-3","ARO:3002183","MOX-2",1,"class C beta-lactamase","class C beta-lactamase"
"1204","ARO:3008388","AQU-3","ARO:3004648","MOX-20",1,"class C beta-lactamase","class C beta-lactamase"
"1205","ARO:3002186","AQU-3","ARO:3004648","MOX-3",1,"class C beta-lactamase","class C beta-lactamase"
"1206","ARO:3004738","ARL-5","ARO:3004739","ARL-6",1,"class A beta-lactamase","class A beta-lactamase"
"1207","ARO:3004738","ARL-5","ARO:3005097","mecC-type BlaZ",1,"class A beta-lactamase","class A beta-lactamase"
"1208","ARO:3002877","AST-1","ARO:3004740","BcI",1,"class A beta-lactamase","class A beta-lactamase"
"1209","ARO:3007101","AST-1","ARO:3004740","BcIII",1,"class A beta-lactamase","class A beta-lactamase"
"1210","ARO:3005588","AST-1","ARO:3004740","CARB-54",1,"class A beta-lactamase","class A beta-lactamase"
"1211","ARO:3004740","AST-1","ARO:3001988","CTX-M-129",1,"class A beta-lactamase","class A beta-lactamase"
"1212","ARO:3004740","AST-1","ARO:3005631","CTX-M-208",1,"class A beta-lactamase","class A beta-lactamase"
"1213","ARO:3004740","AST-1","ARO:3008340","KPC-218",1,"class A beta-lactamase","class A beta-lactamase"
"1214","ARO:3002482","AST-1","ARO:3004740","LRA-1",1,"class A beta-lactamase","class A beta-lactamase"
"1215","ARO:3004740","AST-1","ARO:3007180","MAB",1,"class A beta-lactamase","class A beta-lactamase"
"1216","ARO:3004740","AST-1","ARO:3008989","PEN-A11",1,"class A beta-lactamase","class A beta-lactamase"
"1217","ARO:3004740","AST-1","ARO:3008992","PEN-A15",1,"class A beta-lactamase","class A beta-lactamase"
"1218","ARO:3004740","AST-1","ARO:3008993","PEN-A16",1,"class A beta-lactamase","class A beta-lactamase"
"1219","ARO:3004740","AST-1","ARO:3009009","PEN-A30",1,"class A beta-lactamase","class A beta-lactamase"
"1220","ARO:3004740","AST-1","ARO:3009021","PEN-A8",1,"class A beta-lactamase","class A beta-lactamase"
"1221","ARO:3004740","AST-1","ARO:3009023","PEN-B1",1,"class A beta-lactamase","class A beta-lactamase"
"1222","ARO:3005111","AST-1","ARO:3004740","blaS1",1,"class A beta-lactamase","class A beta-lactamase"
"1223","ARO:3006897","AXC-1","ARO:3006899","AXC-3",1,"class A beta-lactamase","class A beta-lactamase"
"1224","ARO:3006897","AXC-1","ARO:3006900","AXC-4",1,"class A beta-lactamase","class A beta-lactamase"
"1225","ARO:3006897","AXC-1","ARO:3008076","AXC-7",1,"class A beta-lactamase","class A beta-lactamase"
"1226","ARO:3008077","AXC-1","ARO:3006897","AXC-8",1,"class A beta-lactamase","class A beta-lactamase"
"1227","ARO:3008077","AXC-3","ARO:3006899","AXC-8",1,"class A beta-lactamase","class A beta-lactamase"
"1228","ARO:3006899","AXC-3","ARO:3004757","BKC-1",1,"class A beta-lactamase","class A beta-lactamase"
"1229","ARO:3008082","AXC-3","ARO:3006899","BOR-1",1,"class A beta-lactamase","class A beta-lactamase"
"1230","ARO:3005096","AXC-3","ARO:3006899","GPC-1",1,"class A beta-lactamase","class A beta-lactamase"
"1231","ARO:3002474","AXC-3","ARO:3006899","LEN-26",1,"class A beta-lactamase","class A beta-lactamase"
"1232","ARO:3008821","AXC-3","ARO:3006899","PAD-1",1,"class A beta-lactamase","class A beta-lactamase"
"1233","ARO:3008821","AXC-4","ARO:3006900","PAD-1",1,"class A beta-lactamase","class A beta-lactamase"
"1234","ARO:3008077","AXC-6","ARO:3008075","AXC-8",1,"class A beta-lactamase","class A beta-lactamase"
"1235","ARO:3008077","AXC-8","ARO:3007635","CAE-1",1,"class A beta-lactamase","class A beta-lactamase"
"1236","ARO:3003796","Acinetobacter baumannii ampC beta-lactamase","ARO:3006308","ADC-133",1,"class C beta-lactamase","class C beta-lactamase"
"1237","ARO:3003796","Acinetobacter baumannii ampC beta-lactamase","ARO:3006390","ADC-221",1,"class C beta-lactamase","class C beta-lactamase"
"1238","ARO:3003796","Acinetobacter baumannii ampC beta-lactamase","ARO:3003868","ADC-25",1,"class C beta-lactamase","class C beta-lactamase"
"1239","ARO:3003796","Acinetobacter baumannii ampC beta-lactamase","ARO:3004493","ADC-68",1,"class C beta-lactamase","class C beta-lactamase"
"1240","ARO:3004451","Agrobacterium fabrum chloramphenicol acetyltransferase","ARO:3002679","Pseudomonas aeruginosa catB7",1,"cat","cat"
"1241","ARO:3004451","Agrobacterium fabrum chloramphenicol acetyltransferase","ARO:3002680","catB8",1,"cat","cat"
"1242","ARO:3002674","Alkalihalobacillus clausii chloramphenicol acetyltransferase","ARO:3004452","Clostridium butyricum catB",1,"cat","cat"
"1243","ARO:3004143","AxyX","ARO:3000174","tet(G)",1,"efflux pump","MFS efflux pump"
"1244","ARO:3007374","B3SU1-1","ARO:3008078","PJM-1",1,"class B beta-lactamase","class B beta-lactamase"
"1245","ARO:3003717","B3SU2-1","ARO:3008079","ESP-1",1,"class B beta-lactamase","class B beta-lactamase"
"1246","ARO:3002513","B3SU2-1","ARO:3008079","LRA-19",1,"class B beta-lactamase","class B beta-lactamase"
"1247","ARO:3006972","B3SU2-1","ARO:3008079","PLN-1",1,"class B beta-lactamase","class B beta-lactamase"
"1248","ARO:3008079","B3SU2-1","ARO:3006975","POM-2",1,"class B beta-lactamase","class B beta-lactamase"
"1249","ARO:3003894","B3SU2-1","ARO:3008079","Rm3",1,"class B beta-lactamase","class B beta-lactamase"
"1250","ARO:3004747","BAT-1","ARO:3008507","OXA-1089",1,"class D beta-lactamase","class D beta-lactamase"
"1251","ARO:3004784","BCL-1","ARO:3004749","FAR-1",1,"class A beta-lactamase","class A beta-lactamase"
"1252","ARO:3008082","BES-1","ARO:3004751","BOR-1",1,"class A beta-lactamase","class A beta-lactamase"
"1253","ARO:3002482","BES-1","ARO:3004751","LRA-1",1,"class A beta-lactamase","class A beta-lactamase"
"1254","ARO:3004751","BES-1","ARO:3008989","PEN-A11",1,"class A beta-lactamase","class A beta-lactamase"
"1255","ARO:3008998","BES-1","ARO:3004751","PEN-A20",1,"class A beta-lactamase","class A beta-lactamase"
"1256","ARO:3009007","BES-1","ARO:3004751","PEN-A29",1,"class A beta-lactamase","class A beta-lactamase"
"1257","ARO:3003558","BIC-2","ARO:3008080","y56 beta-lactamase",1,"class A beta-lactamase","class A beta-lactamase"
"1258","ARO:3000856","BJP-1","ARO:3006903","CAR-1",1,"class B beta-lactamase","class B beta-lactamase"
"1259","ARO:3000606","BJP-1","ARO:3000856","FEZ-1",1,"class B beta-lactamase","class B beta-lactamase"
"1260","ARO:3001877","BKC-1","ARO:3004757","CTX-M-14",1,"class A beta-lactamase","class A beta-lactamase"
"1261","ARO:3008821","BKC-1","ARO:3004757","PAD-1",1,"class A beta-lactamase","class A beta-lactamase"
"1262","ARO:3008991","BKC-1","ARO:3004757","PEN-A13",1,"class A beta-lactamase","class A beta-lactamase"
"1263","ARO:3006973","BKC-1","ARO:3004757","PME-1",1,"class A beta-lactamase","class A beta-lactamase"
"1264","ARO:3007635","BKC-2","ARO:3006223","CAE-1",1,"class A beta-lactamase","class A beta-lactamase"
"1265","ARO:3008821","BKC-2","ARO:3006223","PAD-1",1,"class A beta-lactamase","class A beta-lactamase"
"1266","ARO:3009036","BKC-2","ARO:3006223","RAHN-3",1,"class A beta-lactamase","class A beta-lactamase"
"1267","ARO:3007442","BKC-2","ARO:3006223","SSA",1,"class A beta-lactamase","class A beta-lactamase"
"1268","ARO:3008081","BMHC-1","ARO:3007840","CIM-1",1,"class B beta-lactamase","class B beta-lactamase"
"1269","ARO:3008081","BMHC-1","ARO:3006883","ECV-1",1,"class B beta-lactamase","class B beta-lactamase"
"1270","ARO:3002249","BOR-1","ARO:3008082","CARB-10",1,"class A beta-lactamase","class A beta-lactamase"
"1271","ARO:3001991","BOR-1","ARO:3008082","CTX-M-132",1,"class A beta-lactamase","class A beta-lactamase"
"1272","ARO:3001877","BOR-1","ARO:3008082","CTX-M-14",1,"class A beta-lactamase","class A beta-lactamase"
"1273","ARO:3008082","BOR-1","ARO:3001998","CTX-M-140",1,"class A beta-lactamase","class A beta-lactamase"
"1274","ARO:3001883","BOR-1","ARO:3008082","CTX-M-21",1,"class A beta-lactamase","class A beta-lactamase"
"1275","ARO:3008082","BOR-1","ARO:3005646","CTX-M-223",1,"class A beta-lactamase","class A beta-lactamase"
"1276","ARO:3001944","BOR-1","ARO:3008082","CTX-M-83",1,"class A beta-lactamase","class A beta-lactamase"
"1277","ARO:3008082","BOR-1","ARO:3007206","KBL-1",1,"class A beta-lactamase","class A beta-lactamase"
"1278","ARO:3008082","BOR-1","ARO:3008350","KPC-233",1,"class A beta-lactamase","class A beta-lactamase"
"1279","ARO:3002468","BOR-1","ARO:3008082","LEN-21",1,"class A beta-lactamase","class A beta-lactamase"
"1280","ARO:3006933","BOR-1","ARO:3008082","LEN-28",1,"class A beta-lactamase","class A beta-lactamase"
"1281","ARO:3002472","BOR-1","ARO:3008082","LEN-4",1,"class A beta-lactamase","class A beta-lactamase"
"1282","ARO:3002428","BOR-1","ARO:3008082","OKP-A-11",1,"class A beta-lactamase","class A beta-lactamase"
"1283","ARO:3008082","BOR-1","ARO:3008988","PEN-A10",1,"class A beta-lactamase","class A beta-lactamase"
"1284","ARO:3008082","BOR-1","ARO:3008993","PEN-A16",1,"class A beta-lactamase","class A beta-lactamase"
"1285","ARO:3008082","BOR-1","ARO:3008996","PEN-A19",1,"class A beta-lactamase","class A beta-lactamase"
"1286","ARO:3008082","BOR-1","ARO:3008998","PEN-A20",1,"class A beta-lactamase","class A beta-lactamase"
"1287","ARO:3008082","BOR-1","ARO:3009002","PEN-A24",1,"class A beta-lactamase","class A beta-lactamase"
"1288","ARO:3008082","BOR-1","ARO:3009012","PEN-A33",1,"class A beta-lactamase","class A beta-lactamase"
"1289","ARO:3008082","BOR-1","ARO:3009013","PEN-A34",1,"class A beta-lactamase","class A beta-lactamase"
"1290","ARO:3008082","BOR-1","ARO:3009014","PEN-A35",1,"class A beta-lactamase","class A beta-lactamase"
"1291","ARO:3008082","BOR-1","ARO:3009021","PEN-A8",1,"class A beta-lactamase","class A beta-lactamase"
"1292","ARO:3009026","BOR-1","ARO:3008082","PEN-B4",1,"class A beta-lactamase","class A beta-lactamase"
"1293","ARO:3008082","BOR-1","ARO:3006971","PLA-6",1,"class A beta-lactamase","class A beta-lactamase"
"1294","ARO:3008082","BOR-1","ARO:3006988","SGM-2",1,"class A beta-lactamase","class A beta-lactamase"
"1295","ARO:3001099","BOR-1","ARO:3008082","SHV-41",1,"class A beta-lactamase","class A beta-lactamase"
"1296","ARO:3000873","BOR-1","ARO:3008082","TEM-1",1,"class A beta-lactamase","class A beta-lactamase"
"1297","ARO:3007007","BOR-1","ARO:3008082","TER-2",1,"class A beta-lactamase","class A beta-lactamase"
"1298","ARO:3002877","BcI","ARO:3004764","CBP-1",1,"class A beta-lactamase","class A beta-lactamase"
"1299","ARO:3007101","BcIII","ARO:3006948","LUT-6",1,"class A beta-lactamase","class A beta-lactamase"
"1300","ARO:3007101","BcIII","ARO:3007182","blaC",1,"class A beta-lactamase","class A beta-lactamase"
"1301","ARO:3007101","BcIII","ARO:3005111","blaS1",1,"class A beta-lactamase","class A beta-lactamase"
"1302","ARO:3000090","Bla1","ARO:3009007","PEN-A29",1,"class A beta-lactamase","class A beta-lactamase"
"1303","ARO:3004189","Bla2","ARO:3007002","TTU-1",1,"class B beta-lactamase","class B beta-lactamase"
"1304","ARO:3005540","BlaB-27","ARO:3005555","BlaB-7",1,"class B beta-lactamase","class B beta-lactamase"
"1305","ARO:3005556","BlaB-27","ARO:3005540","BlaB-8",1,"class B beta-lactamase","class B beta-lactamase"
"1306","ARO:3005556","BlaB-7","ARO:3005555","BlaB-8",1,"class B beta-lactamase","class B beta-lactamase"
"1307","ARO:3005588","CAE-1","ARO:3007635","CARB-54",1,"class A beta-lactamase","class A beta-lactamase"
"1308","ARO:3001973","CAE-1","ARO:3007635","CTX-M-113",1,"class A beta-lactamase","class A beta-lactamase"
"1309","ARO:3001883","CAE-1","ARO:3007635","CTX-M-21",1,"class A beta-lactamase","class A beta-lactamase"
"1310","ARO:3002478","CAE-1","ARO:3007635","LEN-15",1,"class A beta-lactamase","class A beta-lactamase"
"1311","ARO:3002468","CAE-1","ARO:3007635","LEN-21",1,"class A beta-lactamase","class A beta-lactamase"
"1312","ARO:3007635","CAE-1","ARO:3006943","LUT-1",1,"class A beta-lactamase","class A beta-lactamase"
"1313","ARO:3006946","CAE-1","ARO:3007635","LUT-4",1,"class A beta-lactamase","class A beta-lactamase"
"1314","ARO:3002422","CAE-1","ARO:3007635","OKP-A-5",1,"class A beta-lactamase","class A beta-lactamase"
"1315","ARO:3007635","CAE-1","ARO:3008992","PEN-A15",1,"class A beta-lactamase","class A beta-lactamase"
"1316","ARO:3008996","CAE-1","ARO:3007635","PEN-A19",1,"class A beta-lactamase","class A beta-lactamase"
"1317","ARO:3007635","CAE-1","ARO:3009012","PEN-A33",1,"class A beta-lactamase","class A beta-lactamase"
"1318","ARO:3007635","CAE-1","ARO:3009014","PEN-A35",1,"class A beta-lactamase","class A beta-lactamase"
"1319","ARO:3006973","CAE-1","ARO:3007635","PME-1",1,"class A beta-lactamase","class A beta-lactamase"
"1320","ARO:3006987","CAE-1","ARO:3007635","SGM-1",1,"class A beta-lactamase","class A beta-lactamase"
"1321","ARO:3001099","CAE-1","ARO:3007635","SHV-41",1,"class A beta-lactamase","class A beta-lactamase"
"1322","ARO:3007007","CAE-1","ARO:3007635","TER-2",1,"class A beta-lactamase","class A beta-lactamase"
"1323","ARO:3008083","CAM-2","ARO:3006994","SHN-1",1,"class B beta-lactamase","class B beta-lactamase"
"1324","ARO:3006903","CAR-1","ARO:3004803","GOB-11",1,"class B beta-lactamase","class B beta-lactamase"
"1325","ARO:3006903","CAR-1","ARO:3008198","GOB-53",1,"class B beta-lactamase","class B beta-lactamase"
"1326","ARO:3002510","CAR-1","ARO:3006903","LRA-3",1,"class B beta-lactamase","class B beta-lactamase"
"1327","ARO:3002255","CARB-10","ARO:3002249","CARB-16",1,"class A beta-lactamase","class A beta-lactamase"
"1328","ARO:3002249","CARB-10","ARO:3002247","CARB-8",1,"class A beta-lactamase","class A beta-lactamase"
"1329","ARO:3002249","CARB-10","ARO:3008821","PAD-1",1,"class A beta-lactamase","class A beta-lactamase"
"1330","ARO:3002250","CARB-12","ARO:3008194","GMA-2",1,"class A beta-lactamase","class A beta-lactamase"
"1331","ARO:3002255","CARB-14","ARO:3002252","CARB-16",1,"class A beta-lactamase","class A beta-lactamase"
"1332","ARO:3002252","CARB-14","ARO:3005584","CARB-50",1,"class A beta-lactamase","class A beta-lactamase"
"1333","ARO:3002255","CARB-16","ARO:3002244","CARB-5",1,"class A beta-lactamase","class A beta-lactamase"
"1334","ARO:3002255","CARB-16","ARO:3002247","CARB-8",1,"class A beta-lactamase","class A beta-lactamase"
"1335","ARO:3002255","CARB-16","ARO:3009007","PEN-A29",1,"class A beta-lactamase","class A beta-lactamase"
"1336","ARO:3003174","CARB-18","ARO:3003186","CARB-23",1,"class A beta-lactamase","class A beta-lactamase"
"1337","ARO:3003174","CARB-18","ARO:3005563","CARB-27",1,"class A beta-lactamase","class A beta-lactamase"
"1338","ARO:3003174","CARB-18","ARO:3005580","CARB-46",1,"class A beta-lactamase","class A beta-lactamase"
"1339","ARO:3008193","CARB-19","ARO:3003175","GMA-1",1,"class A beta-lactamase","class A beta-lactamase"
"1340","ARO:3002241","CARB-2","ARO:3005585","CARB-51",1,"class A beta-lactamase","class A beta-lactamase"
"1341","ARO:3002241","CARB-2","ARO:3007837","CARB-58",1,"class A beta-lactamase","class A beta-lactamase"
"1342","ARO:3007003","CARB-22","ARO:3003151","VHH-1",1,"class A beta-lactamase","class A beta-lactamase"
"1343","ARO:3003186","CARB-23","ARO:3005563","CARB-27",1,"class A beta-lactamase","class A beta-lactamase"
"1344","ARO:3003186","CARB-23","ARO:3005580","CARB-46",1,"class A beta-lactamase","class A beta-lactamase"
"1345","ARO:3002246","CARB-23","ARO:3003186","CARB-7",1,"class A beta-lactamase","class A beta-lactamase"
"1346","ARO:3008193","CARB-23","ARO:3003186","GMA-1",1,"class A beta-lactamase","class A beta-lactamase"
"1347","ARO:3005563","CARB-27","ARO:3005580","CARB-46",1,"class A beta-lactamase","class A beta-lactamase"
"1348","ARO:3002242","CARB-3","ARO:3007837","CARB-58",1,"class A beta-lactamase","class A beta-lactamase"
"1349","ARO:3002246","CARB-4","ARO:3002243","CARB-7",1,"class A beta-lactamase","class A beta-lactamase"
"1350","ARO:3007803","CARB-42","ARO:3005576","CARB-56",1,"class A beta-lactamase","class A beta-lactamase"
"1351","ARO:3007836","CARB-42","ARO:3005576","CARB-57",1,"class A beta-lactamase","class A beta-lactamase"
"1352","ARO:3002246","CARB-51","ARO:3005585","CARB-7",1,"class A beta-lactamase","class A beta-lactamase"
"1353","ARO:3008193","CARB-53","ARO:3005587","GMA-1",1,"class A beta-lactamase","class A beta-lactamase"
"1354","ARO:3002246","CARB-55","ARO:3005589","CARB-7",1,"class A beta-lactamase","class A beta-lactamase"
"1355","ARO:3007836","CARB-56","ARO:3007803","CARB-57",1,"class A beta-lactamase","class A beta-lactamase"
"1356","ARO:3002246","CARB-7","ARO:3008194","GMA-2",1,"class A beta-lactamase","class A beta-lactamase"
"1357","ARO:3000855","CAU-1","ARO:3006951","MBL1b",1,"class B beta-lactamase","class B beta-lactamase"
"1358","ARO:3004764","CBP-1","ARO:3005074","ROB-4",1,"class A beta-lactamase","class A beta-lactamase"
"1359","ARO:3004764","CBP-1","ARO:3005078","ROB-8",1,"class A beta-lactamase","class A beta-lactamase"
"1360","ARO:3002126","CDA-1","ARO:3007650","CMY-115",1,"class C beta-lactamase","class C beta-lactamase"
"1361","ARO:3008124","CDA-1","ARO:3007650","CMY-189",1,"class C beta-lactamase","class C beta-lactamase"
"1362","ARO:3002092","CDA-1","ARO:3007650","CMY-79",1,"class C beta-lactamase","class C beta-lactamase"
"1363","ARO:3009096","CDA-1","ARO:3007650","YOC-1",1,"class C beta-lactamase","class C beta-lactamase"
"1364","ARO:3001856","CFE-1","ARO:3007438","LAQ-1",1,"class C beta-lactamase","class C beta-lactamase"
"1365","ARO:3006155","CGA-1","ARO:3004766","CME-2",1,"class A beta-lactamase","class A beta-lactamase"
"1366","ARO:3003204","CGA-1","ARO:3004766","TLA-3",1,"class A beta-lactamase","class A beta-lactamase"
"1367","ARO:3000841","CGB-1","ARO:3002266","IND-10",1,"class B beta-lactamase","class B beta-lactamase"
"1368","ARO:3000841","CGB-1","ARO:3007470","IND-17",1,"class B beta-lactamase","class B beta-lactamase"
"1369","ARO:3000841","CGB-1","ARO:3002265","IND-9",1,"class B beta-lactamase","class B beta-lactamase"
"1370","ARO:3004775","CIA-1","ARO:3004768","CME-1",1,"class A beta-lactamase","class A beta-lactamase"
"1371","ARO:3003203","CIA-1","ARO:3004768","TLA-2",1,"class A beta-lactamase","class A beta-lactamase"
"1372","ARO:3008394","CIA-4","ARO:3004771","MUN-1",1,"class A beta-lactamase","class A beta-lactamase"
"1373","ARO:3006954","CIM-1","ARO:3007840","MYO-1",1,"class B beta-lactamase","class B beta-lactamase"
"1374","ARO:3004773","CKO-1","ARO:3006950","MAL-2",1,"class A beta-lactamase","class A beta-lactamase"
"1375","ARO:3006923","CMA-1","ARO:3006922","CMA-2",1,"class C beta-lactamase","class C beta-lactamase"
"1376","ARO:3006854","CMH-1","ARO:3004777","CMH-2",1,"class C beta-lactamase","class C beta-lactamase"
"1377","ARO:3008095","CMH-1","ARO:3004777","CMH-20",1,"class C beta-lactamase","class C beta-lactamase"
"1378","ARO:3004777","CMH-1","ARO:3006855","CMH-3",1,"class C beta-lactamase","class C beta-lactamase"
"1379","ARO:3002175","CMH-1","ARO:3004777","MIR-10",1,"class C beta-lactamase","class C beta-lactamase"
"1380","ARO:3006854","CMH-2","ARO:3008095","CMH-20",1,"class C beta-lactamase","class C beta-lactamase"
"1381","ARO:3006854","CMH-2","ARO:3006855","CMH-3",1,"class C beta-lactamase","class C beta-lactamase"
"1382","ARO:3002175","CMH-2","ARO:3006854","MIR-10",1,"class C beta-lactamase","class C beta-lactamase"
"1383","ARO:3008095","CMH-20","ARO:3006855","CMH-3",1,"class C beta-lactamase","class C beta-lactamase"
"1384","ARO:3002175","CMH-20","ARO:3008095","MIR-10",1,"class C beta-lactamase","class C beta-lactamase"
"1385","ARO:3002175","CMH-3","ARO:3006855","MIR-10",1,"class C beta-lactamase","class C beta-lactamase"
"1386","ARO:3002012","CMY-1","ARO:3002155","FOX-1",1,"class C beta-lactamase","class C beta-lactamase"
"1387","ARO:3002012","CMY-1","ARO:3002156","FOX-2",1,"class C beta-lactamase","class C beta-lactamase"
"1388","ARO:3008390","CMY-1","ARO:3002012","MOX-22",1,"class C beta-lactamase","class C beta-lactamase"
"1389","ARO:3002191","CMY-1","ARO:3002012","MOX-9",1,"class C beta-lactamase","class C beta-lactamase"
"1390","ARO:3008125","CMY-100","ARO:3002112","CMY-190",1,"class C beta-lactamase","class C beta-lactamase"
"1391","ARO:3002083","CMY-101","ARO:3002113","CMY-70",1,"class C beta-lactamase","class C beta-lactamase"
"1392","ARO:3002117","CMY-103","ARO:3002115","CMY-105",1,"class C beta-lactamase","class C beta-lactamase"
"1393","ARO:3006458","CMY-104","ARO:3002116","CMY-159",1,"class C beta-lactamase","class C beta-lactamase"
"1394","ARO:3008125","CMY-104","ARO:3002116","CMY-190",1,"class C beta-lactamase","class C beta-lactamase"
"1395","ARO:3002069","CMY-104","ARO:3002116","CMY-59",1,"class C beta-lactamase","class C beta-lactamase"
"1396","ARO:3002083","CMY-104","ARO:3002116","CMY-70",1,"class C beta-lactamase","class C beta-lactamase"
"1397","ARO:3008125","CMY-108","ARO:3002120","CMY-190",1,"class C beta-lactamase","class C beta-lactamase"
"1398","ARO:3002013","CMY-111","ARO:3002122","CMY-2",1,"class C beta-lactamase","class C beta-lactamase"
"1399","ARO:3002122","CMY-111","ARO:3002034","CMY-23",1,"class C beta-lactamase","class C beta-lactamase"
"1400","ARO:3002069","CMY-111","ARO:3002122","CMY-59",1,"class C beta-lactamase","class C beta-lactamase"
"1401","ARO:3002126","CMY-115","ARO:3009096","YOC-1",1,"class C beta-lactamase","class C beta-lactamase"
"1402","ARO:3006458","CMY-144","ARO:3005219","CMY-159",1,"class C beta-lactamase","class C beta-lactamase"
"1403","ARO:3002045","CMY-157","ARO:3005198","CMY-34",1,"class C beta-lactamase","class C beta-lactamase"
"1404","ARO:3005198","CMY-157","ARO:3002064","CMY-53",1,"class C beta-lactamase","class C beta-lactamase"
"1405","ARO:3006458","CMY-159","ARO:3008125","CMY-190",1,"class C beta-lactamase","class C beta-lactamase"
"1406","ARO:3006458","CMY-159","ARO:3002036","CMY-25",1,"class C beta-lactamase","class C beta-lactamase"
"1407","ARO:3006458","CMY-159","ARO:3002069","CMY-59",1,"class C beta-lactamase","class C beta-lactamase"
"1408","ARO:3006458","CMY-159","ARO:3002096","CMY-83",1,"class C beta-lactamase","class C beta-lactamase"
"1409","ARO:3008113","CMY-176","ARO:3008120","CMY-183",1,"class C beta-lactamase","class C beta-lactamase"
"1410","ARO:3006881","CMY-176","ARO:3008113","EC-8",1,"class C beta-lactamase","class C beta-lactamase"
"1411","ARO:3004290","CMY-176","ARO:3008113","Escherichia coli ampC beta-lactamase",1,"class C beta-lactamase","class C beta-lactamase"
"1412","ARO:3008116","CMY-179","ARO:3002096","CMY-83",1,"class C beta-lactamase","class C beta-lactamase"
"1413","ARO:3006881","CMY-183","ARO:3008120","EC-8",1,"class C beta-lactamase","class C beta-lactamase"
"1414","ARO:3004290","CMY-183","ARO:3008120","Escherichia coli ampC beta-lactamase",1,"class C beta-lactamase","class C beta-lactamase"
"1415","ARO:3002092","CMY-189","ARO:3008124","CMY-79",1,"class C beta-lactamase","class C beta-lactamase"
"1416","ARO:3008125","CMY-190","ARO:3002036","CMY-25",1,"class C beta-lactamase","class C beta-lactamase"
"1417","ARO:3008125","CMY-190","ARO:3002069","CMY-59",1,"class C beta-lactamase","class C beta-lactamase"
"1418","ARO:3008125","CMY-190","ARO:3002087","CMY-74",1,"class C beta-lactamase","class C beta-lactamase"
"1419","ARO:3002095","CMY-190","ARO:3008125","CMY-82",1,"class C beta-lactamase","class C beta-lactamase"
"1420","ARO:3002013","CMY-2","ARO:3002034","CMY-23",1,"class C beta-lactamase","class C beta-lactamase"
"1421","ARO:3002069","CMY-2","ARO:3002013","CMY-59",1,"class C beta-lactamase","class C beta-lactamase"
"1422","ARO:3002069","CMY-23","ARO:3002034","CMY-59",1,"class C beta-lactamase","class C beta-lactamase"
"1423","ARO:3002045","CMY-34","ARO:3002064","CMY-53",1,"class C beta-lactamase","class C beta-lactamase"
"1424","ARO:3002083","CMY-41","ARO:3002052","CMY-70",1,"class C beta-lactamase","class C beta-lactamase"
"1425","ARO:3002062","CMY-48","ARO:3002059","CMY-51",1,"class C beta-lactamase","class C beta-lactamase"
"1426","ARO:3002069","CMY-48","ARO:3002059","CMY-59",1,"class C beta-lactamase","class C beta-lactamase"
"1427","ARO:3002059","CMY-48","ARO:3002078","CMY-65",1,"class C beta-lactamase","class C beta-lactamase"
"1428","ARO:3002069","CMY-51","ARO:3002062","CMY-59",1,"class C beta-lactamase","class C beta-lactamase"
"1429","ARO:3002062","CMY-51","ARO:3002078","CMY-65",1,"class C beta-lactamase","class C beta-lactamase"
"1430","ARO:3002069","CMY-59","ARO:3002088","CMY-75",1,"class C beta-lactamase","class C beta-lactamase"
"1431","ARO:3002069","CMY-59","ARO:3002096","CMY-83",1,"class C beta-lactamase","class C beta-lactamase"
"1432","ARO:3002111","CMY-59","ARO:3002069","CMY-98",1,"class C beta-lactamase","class C beta-lactamase"
"1433","ARO:3002088","CMY-65","ARO:3002078","CMY-75",1,"class C beta-lactamase","class C beta-lactamase"
"1434","ARO:3002083","CMY-70","ARO:3002099","CMY-86",1,"class C beta-lactamase","class C beta-lactamase"
"1435","ARO:3002019","CMY-8","ARO:3006464","CMY-8b",1,"class C beta-lactamase","class C beta-lactamase"
"1436","ARO:3002182","CMY-8","ARO:3002019","MOX-1",1,"class C beta-lactamase","class C beta-lactamase"
"1437","ARO:3002191","CMY-8","ARO:3002019","MOX-9",1,"class C beta-lactamase","class C beta-lactamase"
"1438","ARO:3002095","CMY-82","ARO:3002096","CMY-83",1,"class C beta-lactamase","class C beta-lactamase"
"1439","ARO:3002095","CMY-82","ARO:3002099","CMY-86",1,"class C beta-lactamase","class C beta-lactamase"
"1440","ARO:3002111","CMY-83","ARO:3002096","CMY-98",1,"class C beta-lactamase","class C beta-lactamase"
"1441","ARO:3008183","CMY-8b","ARO:3006464","FOX-21",1,"class C beta-lactamase","class C beta-lactamase"
"1442","ARO:3008383","CMY-8b","ARO:3006464","MOX-15",1,"class C beta-lactamase","class C beta-lactamase"
"1443","ARO:3008384","CMY-8b","ARO:3006464","MOX-16",1,"class C beta-lactamase","class C beta-lactamase"
"1444","ARO:3006464","CMY-8b","ARO:3002183","MOX-2",1,"class C beta-lactamase","class C beta-lactamase"
"1445","ARO:3008388","CMY-8b","ARO:3006464","MOX-20",1,"class C beta-lactamase","class C beta-lactamase"
"1446","ARO:3002191","CMY-8b","ARO:3006464","MOX-9",1,"class C beta-lactamase","class C beta-lactamase"
"1447","ARO:3002513","CPS-1","ARO:3003716","LRA-19",1,"class B beta-lactamase","class B beta-lactamase"
"1448","ARO:3006972","CPS-1","ARO:3003716","PLN-1",1,"class B beta-lactamase","class B beta-lactamase"
"1449","ARO:3006864","CRD3-1","ARO:3006884","EFM-1",1,"class B beta-lactamase","class B beta-lactamase"
"1450","ARO:3003564","CRP-1","ARO:3006868","EXO-1",1,"class A beta-lactamase","class A beta-lactamase"
"1451","ARO:3006868","CRP-1","ARO:3008249","KPC-119",1,"class A beta-lactamase","class A beta-lactamase"
"1452","ARO:3006868","CRP-1","ARO:3006187","KPC-58",1,"class A beta-lactamase","class A beta-lactamase"
"1453","ARO:3006869","CSA-1","ARO:3005150","PAC-1",1,"class C beta-lactamase","class C beta-lactamase"
"1454","ARO:3006999","CSA-2","ARO:3006870","SST-1",1,"class C beta-lactamase","class C beta-lactamase"
"1455","ARO:3006942","CSP-1","ARO:3006871","LUS-1",1,"class A beta-lactamase","class A beta-lactamase"
"1456","ARO:3003202","CSP-1","ARO:3006871","TLA-1",1,"class A beta-lactamase","class A beta-lactamase"
"1457","ARO:3001878","CTX-M-103","ARO:3001962","CTX-M-15",1,"class A beta-lactamase","class A beta-lactamase"
"1458","ARO:3005603","CTX-M-103","ARO:3001962","CTX-M-180",1,"class A beta-lactamase","class A beta-lactamase"
"1459","ARO:3001866","CTX-M-103","ARO:3001962","CTX-M-3",1,"class A beta-lactamase","class A beta-lactamase"
"1460","ARO:3001917","CTX-M-114","ARO:3001974","CTX-M-55",1,"class A beta-lactamase","class A beta-lactamase"
"1461","ARO:3001980","CTX-M-121","ARO:3005646","CTX-M-223",1,"class A beta-lactamase","class A beta-lactamase"
"1462","ARO:3007802","CTX-M-13","ARO:3001876","RATA-2",1,"class A beta-lactamase","class A beta-lactamase"
"1463","ARO:3008142","CTX-M-140","ARO:3001998","CTX-M-253",1,"class A beta-lactamase","class A beta-lactamase"
"1464","ARO:3008175","CTX-M-140","ARO:3001998","FONA-12",1,"class A beta-lactamase","class A beta-lactamase"
"1465","ARO:3001999","CTX-M-141","ARO:3005622","CTX-M-199",1,"class A beta-lactamase","class A beta-lactamase"
"1466","ARO:3001999","CTX-M-141","ARO:3008142","CTX-M-253",1,"class A beta-lactamase","class A beta-lactamase"
"1467","ARO:3005603","CTX-M-15","ARO:3001878","CTX-M-180",1,"class A beta-lactamase","class A beta-lactamase"
"1468","ARO:3001866","CTX-M-15","ARO:3001878","CTX-M-3",1,"class A beta-lactamase","class A beta-lactamase"
"1469","ARO:3002009","CTX-M-152","ARO:3001939","CTX-M-78",1,"class A beta-lactamase","class A beta-lactamase"
"1470","ARO:3001866","CTX-M-180","ARO:3005603","CTX-M-3",1,"class A beta-lactamase","class A beta-lactamase"
"1471","ARO:3008142","CTX-M-199","ARO:3005622","CTX-M-253",1,"class A beta-lactamase","class A beta-lactamase"
"1472","ARO:3001883","CTX-M-21","ARO:3008992","PEN-A15",1,"class A beta-lactamase","class A beta-lactamase"
"1473","ARO:3008134","CTX-M-243","ARO:3002483","LRA-5",1,"class A beta-lactamase","class A beta-lactamase"
"1474","ARO:3001866","CTX-M-253","ARO:3008142","CTX-M-3",1,"class A beta-lactamase","class A beta-lactamase"
"1475","ARO:3008159","CTX-M-270","ARO:3001868","CTX-M-5",1,"class A beta-lactamase","class A beta-lactamase"
"1476","ARO:3001866","CTX-M-3","ARO:3008175","FONA-12",1,"class A beta-lactamase","class A beta-lactamase"
"1477","ARO:3001900","CTX-M-38","ARO:3008199","HBL-1",1,"class A beta-lactamase","class A beta-lactamase"
"1478","ARO:3001900","CTX-M-38","ARO:3008821","PAD-1",1,"class A beta-lactamase","class A beta-lactamase"
"1479","ARO:3001900","CTX-M-38","ARO:3009024","PEN-B2",1,"class A beta-lactamase","class A beta-lactamase"
"1480","ARO:3003094","CVI-1","ARO:3006924","imiH",1,"class B beta-lactamase","class B beta-lactamase"
"1481","ARO:3007801","CblA-1","ARO:3002999","RATA-1",1,"class A beta-lactamase","class A beta-lactamase"
"1482","ARO:3003204","CblA-1","ARO:3002999","TLA-3",1,"class A beta-lactamase","class A beta-lactamase"
"1483","ARO:3000578","CcrA","ARO:3006911","CfiA19",1,"class B beta-lactamase","class B beta-lactamase"
"1484","ARO:3000578","CcrA","ARO:3009098","CfiA28",1,"class B beta-lactamase","class B beta-lactamase"
"1485","ARO:3006225","CepA-44","ARO:3006137","PER-16",1,"class A beta-lactamase","class A beta-lactamase"
"1486","ARO:3007801","CepA-49","ARO:3006226","RATA-1",1,"class A beta-lactamase","class A beta-lactamase"
"1487","ARO:3003553","CepS","ARO:3008183","FOX-21",1,"class C beta-lactamase","class C beta-lactamase"
"1488","ARO:3003553","CepS","ARO:3002184","MOX-4",1,"class C beta-lactamase","class C beta-lactamase"
"1489","ARO:3006906","CfiA10","ARO:3006910","CfiA18",1,"class B beta-lactamase","class B beta-lactamase"
"1490","ARO:3006911","CfiA14","ARO:3006908","CfiA19",1,"class B beta-lactamase","class B beta-lactamase"
"1491","ARO:3009098","CfiA14","ARO:3006908","CfiA28",1,"class B beta-lactamase","class B beta-lactamase"
"1492","ARO:3006920","CfiA18","ARO:3006910","CfiA8",1,"class B beta-lactamase","class B beta-lactamase"
"1493","ARO:3006912","CfiA19","ARO:3006911","CfiA2",1,"class B beta-lactamase","class B beta-lactamase"
"1494","ARO:3006912","CfiA2","ARO:3006913","CfiA21",1,"class B beta-lactamase","class B beta-lactamase"
"1495","ARO:3006912","CfiA2","ARO:3006917","CfiA26",1,"class B beta-lactamase","class B beta-lactamase"
"1496","ARO:3006913","CfiA21","ARO:3007006","ZOG-1",1,"class B beta-lactamase","class B beta-lactamase"
"1497","ARO:3006917","CfiA26","ARO:3009100","CfiA30",1,"class B beta-lactamase","class B beta-lactamase"
"1498","ARO:3006917","CfiA26","ARO:3007861","DYB-1",1,"class B beta-lactamase","class B beta-lactamase"
"1499","ARO:3009098","CfiA28","ARO:3007861","DYB-1",1,"class B beta-lactamase","class B beta-lactamase"
"1500","ARO:3003001","CfxA","ARO:3003097","CfxA6",1,"class A beta-lactamase","class A beta-lactamase"
"1501","ARO:3003002","CfxA2","ARO:3003005","CfxA4",1,"class A beta-lactamase","class A beta-lactamase"
"1502","ARO:3003003","CfxA3","ARO:3003097","CfxA6",1,"class A beta-lactamase","class A beta-lactamase"
"1503","ARO:3003005","CfxA4","ARO:3003097","CfxA6",1,"class A beta-lactamase","class A beta-lactamase"
"1504","ARO:3006988","DES-1","ARO:3004780","SGM-2",1,"class A beta-lactamase","class A beta-lactamase"
"1505","ARO:3006989","DES-1","ARO:3004780","SGM-3",1,"class A beta-lactamase","class A beta-lactamase"
"1506","ARO:3002132","DHA-1","ARO:3002144","DHA-13",1,"class C beta-lactamase","class C beta-lactamase"
"1507","ARO:3002132","DHA-1","ARO:3008172","DHA-34",1,"class C beta-lactamase","class C beta-lactamase"
"1508","ARO:3002132","DHA-1","ARO:3002137","DHA-4",1,"class C beta-lactamase","class C beta-lactamase"
"1509","ARO:3002143","DHA-12","ARO:3002140","DHA-9",1,"class C beta-lactamase","class C beta-lactamase"
"1510","ARO:3002137","DHA-13","ARO:3002144","DHA-4",1,"class C beta-lactamase","class C beta-lactamase"
"1511","ARO:3002147","DHA-16","ARO:3008168","DHA-30",1,"class C beta-lactamase","class C beta-lactamase"
"1512","ARO:3002147","DHA-16","ARO:3002140","DHA-9",1,"class C beta-lactamase","class C beta-lactamase"
"1513","ARO:3008168","DHA-30","ARO:3002140","DHA-9",1,"class C beta-lactamase","class C beta-lactamase"
"1514","ARO:3006872","DHT2-1","ARO:3003720","SPG-1",1,"class B beta-lactamase","class B beta-lactamase"
"1515","ARO:3007861","DYB-1","ARO:3003556","SLB-1",1,"class B beta-lactamase","class B beta-lactamase"
"1516","ARO:3006873","EAM-1","ARO:3006885","ELM-1",1,"class B beta-lactamase","class B beta-lactamase"
"1517","ARO:3000842","EBR-1","ARO:3005462","EBR-4",1,"class B beta-lactamase","class B beta-lactamase"
"1518","ARO:3000842","EBR-1","ARO:3007437","EBR-5",1,"class B beta-lactamase","class B beta-lactamase"
"1519","ARO:3005461","EBR-2","ARO:3004463","EBR-3",1,"class B beta-lactamase","class B beta-lactamase"
"1520","ARO:3005462","EBR-2","ARO:3004463","EBR-4",1,"class B beta-lactamase","class B beta-lactamase"
"1521","ARO:3006875","EC-13","ARO:3006874","EC-14",1,"class C beta-lactamase","class C beta-lactamase"
"1522","ARO:3004290","EC-13","ARO:3006874","Escherichia coli ampC beta-lactamase",1,"class C beta-lactamase","class C beta-lactamase"
"1523","ARO:3006881","EC-8","ARO:3007648","PSZ-1",1,"class C beta-lactamase","class C beta-lactamase"
"1524","ARO:3006881","EC-8","ARO:3009046","SFDC-1",1,"class C beta-lactamase","class C beta-lactamase"
"1525","ARO:3003717","ESP-1","ARO:3005668","GOB-19",1,"class B beta-lactamase","class B beta-lactamase"
"1526","ARO:3003717","ESP-1","ARO:3005672","GOB-23",1,"class B beta-lactamase","class B beta-lactamase"
"1527","ARO:3003717","ESP-1","ARO:3005678","GOB-29",1,"class B beta-lactamase","class B beta-lactamase"
"1528","ARO:3002513","ESP-1","ARO:3003717","LRA-19",1,"class B beta-lactamase","class B beta-lactamase"
"1529","ARO:3007374","EVM-1","ARO:3006886","PJM-1",1,"class B beta-lactamase","class B beta-lactamase"
"1530","ARO:3003564","EXO-1","ARO:3004784","FAR-1",1,"class A beta-lactamase","class A beta-lactamase"
"1531","ARO:3003564","EXO-1","ARO:3002326","KPC-16",1,"class A beta-lactamase","class A beta-lactamase"
"1532","ARO:3003564","EXO-1","ARO:3002318","KPC-8",1,"class A beta-lactamase","class A beta-lactamase"
"1533","ARO:3003564","EXO-1","ARO:3009009","PEN-A30",1,"class A beta-lactamase","class A beta-lactamase"
"1534","ARO:3003564","EXO-1","ARO:3009022","PEN-A9",1,"class A beta-lactamase","class A beta-lactamase"
"1535","ARO:3004458","Enterococcus faecalis chloramphenicol acetyltransferase","ARO:3004457","Staphylococcus intermedius chloramphenicol acetyltransferase",1,"cat","cat"
"1536","ARO:3000594","Erm(30)","ARO:3001265","ErmR",1,"erm","erm"
"1537","ARO:3000596","Erm(31)","ARO:3000598","ErmX",1,"erm","erm"
"1538","ARO:3000605","Erm(36)","ARO:3004606","erm(40)",1,"erm","erm"
"1539","ARO:3007654","Erm(38)","ARO:3000601","erm(56)",1,"erm","erm"
"1540","ARO:3000602","Erm(39)","ARO:3007032","Erm(50)",1,"erm","erm"
"1541","ARO:3000602","Erm(39)","ARO:3007033","Erm(51)",1,"erm","erm"
"1542","ARO:3000602","Erm(39)","ARO:3001305","ErmU",1,"erm","erm"
"1543","ARO:3003106","Erm(42)","ARO:3004626","Erm(49)",1,"erm","erm"
"1544","ARO:3001303","Erm(42)","ARO:3003106","ErmO-srmA",1,"erm","erm"
"1545","ARO:3007033","Erm(50)","ARO:3007032","Erm(51)",1,"erm","erm"
"1546","ARO:3004652","Erm(O)-lrm","ARO:3000326","ErmE",1,"erm","erm"
"1547","ARO:3004652","Erm(O)-lrm","ARO:3002823","ErmH",1,"erm","erm"
"1548","ARO:3000595","ErmC","ARO:3000250","ErmT",1,"erm","erm"
"1549","ARO:3002823","ErmE","ARO:3000326","ErmH",1,"erm","erm"
"1550","ARO:3000594","ErmE","ARO:3000326","ErmR",1,"erm","erm"
"1551","ARO:3000595","ErmG","ARO:3000522","ErmT",1,"erm","erm"
"1552","ARO:3002823","ErmH","ARO:3000594","ErmR",1,"erm","erm"
"1553","ARO:3000592","ErmN","ARO:3004605","ermZ",1,"erm","erm"
"1554","ARO:3001303","ErmO-srmA","ARO:3000594","ErmR",1,"erm","erm"
"1555","ARO:3000595","ErmT","ARO:3002825","ErmY",1,"erm","erm"
"1556","ARO:3001305","ErmU","ARO:3001306","ErmW",1,"erm","erm"
"1557","ARO:3004290","Escherichia coli ampC beta-lactamase","ARO:3009046","SFDC-1",1,"class C beta-lactamase","class C beta-lactamase"
"1558","ARO:3004290","Escherichia coli ampC beta-lactamase","ARO:3009096","YOC-1",1,"class C beta-lactamase","class C beta-lactamase"
"1559","ARO:3000166","Escherichia coli soxS with mutation conferring antibiotic resistance","ARO:3003511","tet(B)",1,"MFS efflux pump","variant or mutant"
"1560","ARO:3003511","Escherichia coli soxS with mutation conferring antibiotic resistance","ARO:3003479","tetR",1,"variant or mutant","efflux pump"
"1561","ARO:3000017","EstT","ARO:3007459","OXA beta-lactamase",1,"class D beta-lactamase","mel"
"1562","ARO:3002482","FAR-1","ARO:3004784","LRA-1",1,"class A beta-lactamase","class A beta-lactamase"
"1563","ARO:3004784","FAR-1","ARO:3008997","PEN-A1",1,"class A beta-lactamase","class A beta-lactamase"
"1564","ARO:3004784","FAR-1","ARO:3008998","PEN-A20",1,"class A beta-lactamase","class A beta-lactamase"
"1565","ARO:3004784","FAR-1","ARO:3009007","PEN-A29",1,"class A beta-lactamase","class A beta-lactamase"
"1566","ARO:3006887","FIA-1","ARO:3007000","STA-1",1,"class B beta-lactamase","class B beta-lactamase"
"1567","ARO:3004786","FIM-1","ARO:3008399","NDM-51",1,"class B beta-lactamase","class B beta-lactamase"
"1568","ARO:3008175","FONA-12","ARO:3004792","FONA-5",1,"class A beta-lactamase","class A beta-lactamase"
"1569","ARO:3008175","FONA-12","ARO:3006931","KLUC-5",1,"class A beta-lactamase","class A beta-lactamase"
"1570","ARO:3003561","FONA-12","ARO:3008175","SED-1",1,"class A beta-lactamase","class A beta-lactamase"
"1571","ARO:3004793","FONA-13","ARO:3008176","FONA-6",1,"class A beta-lactamase","class A beta-lactamase"
"1572","ARO:3009036","FONA-13","ARO:3008176","RAHN-3",1,"class A beta-lactamase","class A beta-lactamase"
"1573","ARO:3004793","FONA-5","ARO:3004792","FONA-6",1,"class A beta-lactamase","class A beta-lactamase"
"1574","ARO:3004793","FONA-6","ARO:3006931","KLUC-5",1,"class A beta-lactamase","class A beta-lactamase"
"1575","ARO:3002156","FOX-1","ARO:3002155","FOX-2",1,"class C beta-lactamase","class C beta-lactamase"
"1576","ARO:3008182","FOX-1","ARO:3002155","FOX-20",1,"class C beta-lactamase","class C beta-lactamase"
"1577","ARO:3008180","FOX-15","ARO:3006473","FOX-18",1,"class C beta-lactamase","class C beta-lactamase"
"1578","ARO:3002156","FOX-15","ARO:3006473","FOX-2",1,"class C beta-lactamase","class C beta-lactamase"
"1579","ARO:3008182","FOX-16","ARO:3006474","FOX-20",1,"class C beta-lactamase","class C beta-lactamase"
"1580","ARO:3002158","FOX-16","ARO:3006474","FOX-4",1,"class C beta-lactamase","class C beta-lactamase"
"1581","ARO:3008180","FOX-18","ARO:3002156","FOX-2",1,"class C beta-lactamase","class C beta-lactamase"
"1582","ARO:3002156","FOX-2","ARO:3002159","FOX-5",1,"class C beta-lactamase","class C beta-lactamase"
"1583","ARO:3002156","FOX-2","ARO:3002160","FOX-7",1,"class C beta-lactamase","class C beta-lactamase"
"1584","ARO:3006525","FOX-2","ARO:3002156","PDC-148",1,"class C beta-lactamase","class C beta-lactamase"
"1585","ARO:3006619","FOX-2","ARO:3002156","PDC-241",1,"class C beta-lactamase","class C beta-lactamase"
"1586","ARO:3009041","FOX-2","ARO:3002156","RSC1-1",1,"class C beta-lactamase","class C beta-lactamase"
"1587","ARO:3008182","FOX-20","ARO:3002159","FOX-5",1,"class C beta-lactamase","class C beta-lactamase"
"1588","ARO:3008182","FOX-20","ARO:3002160","FOX-7",1,"class C beta-lactamase","class C beta-lactamase"
"1589","ARO:3008182","FOX-20","ARO:3008390","MOX-22",1,"class C beta-lactamase","class C beta-lactamase"
"1590","ARO:3008182","FOX-20","ARO:3002191","MOX-9",1,"class C beta-lactamase","class C beta-lactamase"
"1591","ARO:3008390","FOX-21","ARO:3008183","MOX-22",1,"class C beta-lactamase","class C beta-lactamase"
"1592","ARO:3002159","FOX-5","ARO:3002160","FOX-7",1,"class C beta-lactamase","class C beta-lactamase"
"1593","ARO:3002874","FosA","ARO:3000149","FosC2",1,"fos","fos"
"1594","ARO:3003209","FosA","ARO:3000149","fosA5",1,"fos","fos"
"1595","ARO:3002872","FosA3","ARO:3005024","FosL1",1,"fos","fos"
"1596","ARO:3003209","FosA4","ARO:3003210","fosA5",1,"fos","fos"
"1597","ARO:3004671","FosB4","ARO:3004673","FosB6",1,"fos","fos"
"1598","ARO:3004671","FosB4","ARO:3007069","FosY",1,"fos","fos"
"1599","ARO:3004674","FosD","ARO:3007069","FosY",1,"fos","fos"
"1600","ARO:3002330","GES-1","ARO:3002343","GES-14",1,"class A beta-lactamase","class A beta-lactamase"
"1601","ARO:3002334","GES-1","ARO:3002330","GES-5",1,"class A beta-lactamase","class A beta-lactamase"
"1602","ARO:3002334","GES-14","ARO:3002343","GES-5",1,"class A beta-lactamase","class A beta-lactamase"
"1603","ARO:3006888","GIL-1","ARO:3006984","RUB-1",1,"class A beta-lactamase","class A beta-lactamase"
"1604","ARO:3001369","GIL-1","ARO:3006888","TEM-153",1,"class A beta-lactamase","class A beta-lactamase"
"1605","ARO:3000935","GIL-1","ARO:3006888","TEM-68",1,"class A beta-lactamase","class A beta-lactamase"
"1606","ARO:3005495","GIM-3","ARO:3008192","VIM-47",1,"class B beta-lactamase","class B beta-lactamase"
"1607","ARO:3007003","GMA-1","ARO:3008193","VHH-1",1,"class A beta-lactamase","class A beta-lactamase"
"1608","ARO:3000850","GOB-1","ARO:3004802","GOB-10",1,"class B beta-lactamase","class B beta-lactamase"
"1609","ARO:3000850","GOB-1","ARO:3004805","GOB-13",1,"class B beta-lactamase","class B beta-lactamase"
"1610","ARO:3000850","GOB-1","ARO:3008195","GOB-17",1,"class B beta-lactamase","class B beta-lactamase"
"1611","ARO:3000850","GOB-1","ARO:3005678","GOB-29",1,"class B beta-lactamase","class B beta-lactamase"
"1612","ARO:3000850","GOB-1","ARO:3005698","GOB-50",1,"class B beta-lactamase","class B beta-lactamase"
"1613","ARO:3000850","GOB-1","ARO:3004814","GOB-7",1,"class B beta-lactamase","class B beta-lactamase"
"1614","ARO:3005696","GOB-10","ARO:3004802","GOB-48",1,"class B beta-lactamase","class B beta-lactamase"
"1615","ARO:3005697","GOB-20","ARO:3005669","GOB-49",1,"class B beta-lactamase","class B beta-lactamase"
"1616","ARO:3006972","GOB-26","ARO:3005675","PLN-1",1,"class B beta-lactamase","class B beta-lactamase"
"1617","ARO:3005693","GOB-27","ARO:3005676","GOB-44",1,"class B beta-lactamase","class B beta-lactamase"
"1618","ARO:3005696","GOB-29","ARO:3005678","GOB-48",1,"class B beta-lactamase","class B beta-lactamase"
"1619","ARO:3005678","GOB-29","ARO:3004814","GOB-7",1,"class B beta-lactamase","class B beta-lactamase"
"1620","ARO:3005678","GOB-29","ARO:3004816","GOB-9",1,"class B beta-lactamase","class B beta-lactamase"
"1621","ARO:3002511","GOB-29","ARO:3005678","LRA-12",1,"class B beta-lactamase","class B beta-lactamase"
"1622","ARO:3004816","GOB-31","ARO:3005680","GOB-9",1,"class B beta-lactamase","class B beta-lactamase"
"1623","ARO:3002511","GOB-31","ARO:3005680","LRA-12",1,"class B beta-lactamase","class B beta-lactamase"
"1624","ARO:3002513","GOB-31","ARO:3005680","LRA-19",1,"class B beta-lactamase","class B beta-lactamase"
"1625","ARO:3002511","GOB-33","ARO:3005682","LRA-12",1,"class B beta-lactamase","class B beta-lactamase"
"1626","ARO:3003670","GOB-38","ARO:3005687","PEDO-1",1,"class B beta-lactamase","class B beta-lactamase"
"1627","ARO:3002511","GOB-44","ARO:3005693","LRA-12",1,"class B beta-lactamase","class B beta-lactamase"
"1628","ARO:3002513","GOB-44","ARO:3005693","LRA-19",1,"class B beta-lactamase","class B beta-lactamase"
"1629","ARO:3005696","GOB-48","ARO:3004814","GOB-7",1,"class B beta-lactamase","class B beta-lactamase"
"1630","ARO:3005096","GPC-1","ARO:3006973","PME-1",1,"class A beta-lactamase","class A beta-lactamase"
"1631","ARO:3005096","GPC-1","ARO:3007802","RATA-2",1,"class A beta-lactamase","class A beta-lactamase"
"1632","ARO:3005096","GPC-1","ARO:3007442","SSA",1,"class A beta-lactamase","class A beta-lactamase"
"1633","ARO:3000938","GPC-1","ARO:3005096","TEM-72",1,"class A beta-lactamase","class A beta-lactamase"
"1634","ARO:3002482","HBL-1","ARO:3008199","LRA-1",1,"class A beta-lactamase","class A beta-lactamase"
"1635","ARO:3008821","HBL-1","ARO:3008199","PAD-1",1,"class A beta-lactamase","class A beta-lactamase"
"1636","ARO:3008199","HBL-1","ARO:3009012","PEN-A33",1,"class A beta-lactamase","class A beta-lactamase"
"1637","ARO:3008204","HER-3","ARO:3008202","HER-5",1,"class A beta-lactamase","class A beta-lactamase"
"1638","ARO:3008205","HER-6","ARO:3008206","HER-8",1,"class A beta-lactamase","class A beta-lactamase"
"1639","ARO:3004092","HMB-1","ARO:3006976","PST-1",1,"class B beta-lactamase","class B beta-lactamase"
"1640","ARO:3002489","IDC-1","ARO:3005012","LRA-10",1,"class C beta-lactamase","class C beta-lactamase"
"1641","ARO:3002484","IDC-1","ARO:3005012","LRA-13",1,"class D beta-lactamase","class C beta-lactamase"
"1642","ARO:3007470","IND-10","ARO:3002266","IND-17",1,"class B beta-lactamase","class B beta-lactamase"
"1643","ARO:3002257","IND-11","ARO:3002267","IND-2",1,"class B beta-lactamase","class B beta-lactamase"
"1644","ARO:3002269","IND-14","ARO:3002259","IND-3",1,"class B beta-lactamase","class B beta-lactamase"
"1645","ARO:3008227","IND-17","ARO:3007470","IND-19",1,"class B beta-lactamase","class B beta-lactamase"
"1646","ARO:3002265","IND-17","ARO:3007470","IND-9",1,"class B beta-lactamase","class B beta-lactamase"
"1647","ARO:3002265","IND-18","ARO:3008226","IND-9",1,"class B beta-lactamase","class B beta-lactamase"
"1648","ARO:3002257","IND-19","ARO:3008227","IND-2",1,"class B beta-lactamase","class B beta-lactamase"
"1649","ARO:3002263","IND-5","ARO:3002261","IND-7",1,"class B beta-lactamase","class B beta-lactamase"
"1650","ARO:3000847","KHM-1","ARO:3008228","KHM-2",1,"class B beta-lactamase","class B beta-lactamase"
"1651","ARO:3000847","KHM-1","ARO:3006977","PST-2",1,"class B beta-lactamase","class B beta-lactamase"
"1652","ARO:3000847","KHM-1","ARO:3004105","TMB-1",1,"class B beta-lactamase","class B beta-lactamase"
"1653","ARO:3000847","KHM-1","ARO:3007062","VAM-1",1,"class B beta-lactamase","class B beta-lactamase"
"1654","ARO:3006927","KLUC-1","ARO:3006931","KLUC-5",1,"class A beta-lactamase","class A beta-lactamase"
"1655","ARO:3008821","KPC-107","ARO:3008237","PAD-1",1,"class A beta-lactamase","class A beta-lactamase"
"1656","ARO:3002313","KPC-122","ARO:3008252","KPC-3",1,"class A beta-lactamase","class A beta-lactamase"
"1657","ARO:3002482","KPC-16","ARO:3002326","LRA-1",1,"class A beta-lactamase","class A beta-lactamase"
"1658","ARO:3002326","KPC-16","ARO:3008996","PEN-A19",1,"class A beta-lactamase","class A beta-lactamase"
"1659","ARO:3002482","KPC-22","ARO:3003180","LRA-1",1,"class A beta-lactamase","class A beta-lactamase"
"1660","ARO:3003180","KPC-22","ARO:3008989","PEN-A11",1,"class A beta-lactamase","class A beta-lactamase"
"1661","ARO:3003180","KPC-22","ARO:3009024","PEN-B2",1,"class A beta-lactamase","class A beta-lactamase"
"1662","ARO:3002316","KPC-29","ARO:3005360","KPC-6",1,"class A beta-lactamase","class A beta-lactamase"
"1663","ARO:3002482","KPC-29","ARO:3005360","LRA-1",1,"class A beta-lactamase","class A beta-lactamase"
"1664","ARO:3002482","KPC-6","ARO:3002316","LRA-1",1,"class A beta-lactamase","class A beta-lactamase"
"1665","ARO:3002319","KPC-9","ARO:3009007","PEN-A29",1,"class A beta-lactamase","class A beta-lactamase"
"1666","ARO:3002319","KPC-9","ARO:3009022","PEN-A9",1,"class A beta-lactamase","class A beta-lactamase"
"1667","ARO:3000582","L1 beta-lactamase","ARO:3007200","PAM-2",1,"class B beta-lactamase","class B beta-lactamase"
"1668","ARO:3002169","LAQ-1","ARO:3007438","MIR-3",1,"class C beta-lactamase","class C beta-lactamase"
"1669","ARO:3004239","LCR-1","ARO:3002997","NPS-1",1,"class D beta-lactamase","class D beta-lactamase"
"1670","ARO:3002478","LEN-15","ARO:3008821","PAD-1",1,"class A beta-lactamase","class A beta-lactamase"
"1671","ARO:3002473","LEN-17","ARO:3002465","LEN-18",1,"class A beta-lactamase","class A beta-lactamase"
"1672","ARO:3002473","LEN-17","ARO:3002455","LEN-2",1,"class A beta-lactamase","class A beta-lactamase"
"1673","ARO:3002473","LEN-17","ARO:3006934","LEN-31",1,"class A beta-lactamase","class A beta-lactamase"
"1674","ARO:3002473","LEN-17","ARO:3002457","LEN-7",1,"class A beta-lactamase","class A beta-lactamase"
"1675","ARO:3002466","LEN-19","ARO:3002471","LEN-24",1,"class A beta-lactamase","class A beta-lactamase"
"1676","ARO:3002466","LEN-19","ARO:3004838","LEN-30",1,"class A beta-lactamase","class A beta-lactamase"
"1677","ARO:3002466","LEN-19","ARO:3006152","OKP-C-1",1,"class A beta-lactamase","class A beta-lactamase"
"1678","ARO:3002466","LEN-19","ARO:3008821","PAD-1",1,"class A beta-lactamase","class A beta-lactamase"
"1679","ARO:3002466","LEN-19","ARO:3001120","SHV-65",1,"class A beta-lactamase","class A beta-lactamase"
"1680","ARO:3002455","LEN-2","ARO:3006934","LEN-31",1,"class A beta-lactamase","class A beta-lactamase"
"1681","ARO:3002455","LEN-2","ARO:3002457","LEN-7",1,"class A beta-lactamase","class A beta-lactamase"
"1682","ARO:3002471","LEN-24","ARO:3004838","LEN-30",1,"class A beta-lactamase","class A beta-lactamase"
"1683","ARO:3002474","LEN-26","ARO:3006153","OKP-D-1",1,"class A beta-lactamase","class A beta-lactamase"
"1684","ARO:3006934","LEN-31","ARO:3002457","LEN-7",1,"class A beta-lactamase","class A beta-lactamase"
"1685","ARO:3002482","LRA-1","ARO:3006943","LUT-1",1,"class A beta-lactamase","class A beta-lactamase"
"1686","ARO:3002482","LRA-1","ARO:3008997","PEN-A1",1,"class A beta-lactamase","class A beta-lactamase"
"1687","ARO:3002482","LRA-1","ARO:3008988","PEN-A10",1,"class A beta-lactamase","class A beta-lactamase"
"1688","ARO:3002482","LRA-1","ARO:3008998","PEN-A20",1,"class A beta-lactamase","class A beta-lactamase"
"1689","ARO:3002482","LRA-1","ARO:3009001","PEN-A23",1,"class A beta-lactamase","class A beta-lactamase"
"1690","ARO:3002482","LRA-1","ARO:3009013","PEN-A34",1,"class A beta-lactamase","class A beta-lactamase"
"1691","ARO:3002482","LRA-1","ARO:3009016","PEN-A38",1,"class A beta-lactamase","class A beta-lactamase"
"1692","ARO:3002482","LRA-1","ARO:3009021","PEN-A8",1,"class A beta-lactamase","class A beta-lactamase"
"1693","ARO:3002489","LRA-10","ARO:3002484","LRA-13",1,"class C beta-lactamase","class D beta-lactamase"
"1694","ARO:3002521","LRA-10","ARO:3002489","OCH-8",1,"class C beta-lactamase","class C beta-lactamase"
"1695","ARO:3009041","LRA-10","ARO:3002489","RSC1-1",1,"class C beta-lactamase","class C beta-lactamase"
"1696","ARO:3002511","LRA-12","ARO:3002512","LRA-17",1,"class B beta-lactamase","class B beta-lactamase"
"1697","ARO:3002511","LRA-12","ARO:3003670","PEDO-1",1,"class B beta-lactamase","class B beta-lactamase"
"1698","ARO:3002484","LRA-13","ARO:3003599","OXA-443",1,"class D beta-lactamase","class D beta-lactamase"
"1699","ARO:3001772","LRA-13","ARO:3002484","OXA-59",1,"class D beta-lactamase","class D beta-lactamase"
"1700","ARO:3002484","LRA-13","ARO:3008720","OXA-725",1,"class D beta-lactamase","class D beta-lactamase"
"1701","ARO:3009041","LRA-13","ARO:3002484","RSC1-1",1,"class C beta-lactamase","class D beta-lactamase"
"1702","ARO:3003670","LRA-17","ARO:3002512","PEDO-1",1,"class B beta-lactamase","class B beta-lactamase"
"1703","ARO:3002190","LRA-18","ARO:3002492","MOX-8",1,"class C beta-lactamase","class C beta-lactamase"
"1704","ARO:3002191","LRA-18","ARO:3002492","MOX-9",1,"class C beta-lactamase","class C beta-lactamase"
"1705","ARO:3002513","LRA-19","ARO:3002488","LRA-9",1,"class B beta-lactamase","class B beta-lactamase"
"1706","ARO:3003670","LRA-19","ARO:3002513","PEDO-1",1,"class B beta-lactamase","class B beta-lactamase"
"1707","ARO:3002510","LRA-3","ARO:3002486","LRA-7",1,"class B beta-lactamase","class B beta-lactamase"
"1708","ARO:3007442","LRA-5","ARO:3002483","SSA",1,"class A beta-lactamase","class A beta-lactamase"
"1709","ARO:3002483","LRA-5","ARO:3009079","VEB-18",1,"class A beta-lactamase","class A beta-lactamase"
"1710","ARO:3003894","LRA-8","ARO:3002487","Rm3",1,"class B beta-lactamase","class B beta-lactamase"
"1711","ARO:3007180","LRG-1","ARO:3006941","MAB",1,"class A beta-lactamase","class A beta-lactamase"
"1712","ARO:3008998","LRG-1","ARO:3006941","PEN-A20",1,"class A beta-lactamase","class A beta-lactamase"
"1713","ARO:3006941","LRG-1","ARO:3009012","PEN-A33",1,"class A beta-lactamase","class A beta-lactamase"
"1714","ARO:3006942","LUS-1","ARO:3006137","PER-16",1,"class A beta-lactamase","class A beta-lactamase"
"1715","ARO:3006942","LUS-1","ARO:3009035","RAA-1",1,"class A beta-lactamase","class A beta-lactamase"
"1716","ARO:3007801","LUS-1","ARO:3006942","RATA-1",1,"class A beta-lactamase","class A beta-lactamase"
"1717","ARO:3003204","LUS-1","ARO:3006942","TLA-3",1,"class A beta-lactamase","class A beta-lactamase"
"1718","ARO:3006942","LUS-1","ARO:3006213","VEB-17",1,"class A beta-lactamase","class A beta-lactamase"
"1719","ARO:3006942","LUS-1","ARO:3006216","VEB-21",1,"class A beta-lactamase","class A beta-lactamase"
"1720","ARO:3006943","LUT-1","ARO:3006945","LUT-3",1,"class A beta-lactamase","class A beta-lactamase"
"1721","ARO:3006946","LUT-1","ARO:3006943","LUT-4",1,"class A beta-lactamase","class A beta-lactamase"
"1722","ARO:3009015","LUT-1","ARO:3006943","PEN-A37",1,"class A beta-lactamase","class A beta-lactamase"
"1723","ARO:3003558","LUT-1","ARO:3006943","y56 beta-lactamase",1,"class A beta-lactamase","class A beta-lactamase"
"1724","ARO:3003561","LUT-2","ARO:3006944","SED-1",1,"class A beta-lactamase","class A beta-lactamase"
"1725","ARO:3009026","LUT-4","ARO:3006946","PEN-B4",1,"class A beta-lactamase","class A beta-lactamase"
"1726","ARO:3009007","LUT-5","ARO:3006947","PEN-A29",1,"class A beta-lactamase","class A beta-lactamase"
"1727","ARO:3007180","MAB","ARO:3008989","PEN-A11",1,"class A beta-lactamase","class A beta-lactamase"
"1728","ARO:3009009","MAB","ARO:3007180","PEN-A30",1,"class A beta-lactamase","class A beta-lactamase"
"1729","ARO:3009016","MAB","ARO:3007180","PEN-A38",1,"class A beta-lactamase","class A beta-lactamase"
"1730","ARO:3007180","MAB","ARO:3009022","PEN-A9",1,"class A beta-lactamase","class A beta-lactamase"
"1731","ARO:3006951","MBL1b","ARO:3003720","SPG-1",1,"class B beta-lactamase","class B beta-lactamase"
"1732","ARO:3004684","MCR-10.4","ARO:3007276","MCR-9.1",1,"cell wall charge","cell wall charge"
"1733","ARO:3004110","MCR-2.1","ARO:3004502","MCR-2.2",1,"cell wall charge","cell wall charge"
"1734","ARO:3007273","MCR-3.1","ARO:3004139","MCR-3.19",1,"cell wall charge","cell wall charge"
"1735","ARO:3004139","MCR-3.1","ARO:3007265","MCR-3.24",1,"cell wall charge","cell wall charge"
"1736","ARO:3004662","MCR-3.12","ARO:3004693","MCR-3.3",1,"cell wall charge","cell wall charge"
"1737","ARO:3004693","MCR-3.12","ARO:3007248","MCR-3.33",1,"cell wall charge","cell wall charge"
"1738","ARO:3004693","MCR-3.12","ARO:3004510","MCR-3.7",1,"cell wall charge","cell wall charge"
"1739","ARO:3007273","MCR-3.19","ARO:3007265","MCR-3.24",1,"cell wall charge","cell wall charge"
"1740","ARO:3007273","MCR-3.19","ARO:3004517","MCR-7.1",1,"cell wall charge","cell wall charge"
"1741","ARO:3007251","MCR-3.27","ARO:3007253","MCR-3.38",1,"cell wall charge","cell wall charge"
"1742","ARO:3004662","MCR-3.3","ARO:3007248","MCR-3.33",1,"cell wall charge","cell wall charge"
"1743","ARO:3004662","MCR-3.3","ARO:3004510","MCR-3.7",1,"cell wall charge","cell wall charge"
"1744","ARO:3007248","MCR-3.33","ARO:3004510","MCR-3.7",1,"cell wall charge","cell wall charge"
"1745","ARO:3004325","MCR-4.1","ARO:3004695","MCR-4.3",1,"cell wall charge","cell wall charge"
"1746","ARO:3003173","MIR-10","ARO:3002175","MIR-17",1,"class C beta-lactamase","class C beta-lactamase"
"1747","ARO:3002175","MIR-10","ARO:3006861","MIR-21",1,"class C beta-lactamase","class C beta-lactamase"
"1748","ARO:3002175","MIR-10","ARO:3002170","MIR-5",1,"class C beta-lactamase","class C beta-lactamase"
"1749","ARO:3002176","MIR-11","ARO:3006860","MIR-20",1,"class C beta-lactamase","class C beta-lactamase"
"1750","ARO:3002176","MIR-11","ARO:3009096","YOC-1",1,"class C beta-lactamase","class C beta-lactamase"
"1751","ARO:3003173","MIR-17","ARO:3006861","MIR-21",1,"class C beta-lactamase","class C beta-lactamase"
"1752","ARO:3003173","MIR-17","ARO:3002170","MIR-5",1,"class C beta-lactamase","class C beta-lactamase"
"1753","ARO:3006861","MIR-21","ARO:3002170","MIR-5",1,"class C beta-lactamase","class C beta-lactamase"
"1754","ARO:3008383","MOX-12","ARO:3006477","MOX-15",1,"class C beta-lactamase","class C beta-lactamase"
"1755","ARO:3008387","MOX-12","ARO:3006477","MOX-19",1,"class C beta-lactamase","class C beta-lactamase"
"1756","ARO:3008384","MOX-15","ARO:3008383","MOX-16",1,"class C beta-lactamase","class C beta-lactamase"
"1757","ARO:3008390","MOX-15","ARO:3008383","MOX-22",1,"class C beta-lactamase","class C beta-lactamase"
"1758","ARO:3002186","MOX-15","ARO:3008383","MOX-3",1,"class C beta-lactamase","class C beta-lactamase"
"1759","ARO:3008383","MOX-15","ARO:3002185","MOX-6",1,"class C beta-lactamase","class C beta-lactamase"
"1760","ARO:3008384","MOX-16","ARO:3008390","MOX-22",1,"class C beta-lactamase","class C beta-lactamase"
"1761","ARO:3008384","MOX-16","ARO:3002186","MOX-3",1,"class C beta-lactamase","class C beta-lactamase"
"1762","ARO:3008384","MOX-16","ARO:3002191","MOX-9",1,"class C beta-lactamase","class C beta-lactamase"
"1763","ARO:3008387","MOX-19","ARO:3002185","MOX-6",1,"class C beta-lactamase","class C beta-lactamase"
"1764","ARO:3005133","MOX-19","ARO:3008387","PDC-62",1,"class C beta-lactamase","class C beta-lactamase"
"1765","ARO:3002186","MOX-20","ARO:3008388","MOX-3",1,"class C beta-lactamase","class C beta-lactamase"
"1766","ARO:3008390","MOX-22","ARO:3008392","MOX-24",1,"class C beta-lactamase","class C beta-lactamase"
"1767","ARO:3002186","MOX-22","ARO:3008390","MOX-3",1,"class C beta-lactamase","class C beta-lactamase"
"1768","ARO:3008390","MOX-22","ARO:3002184","MOX-4",1,"class C beta-lactamase","class C beta-lactamase"
"1769","ARO:3002191","MOX-22","ARO:3008390","MOX-9",1,"class C beta-lactamase","class C beta-lactamase"
"1770","ARO:3009041","MOX-22","ARO:3008390","RSC1-1",1,"class C beta-lactamase","class C beta-lactamase"
"1771","ARO:3002190","MOX-4","ARO:3002184","MOX-8",1,"class C beta-lactamase","class C beta-lactamase"
"1772","ARO:3009041","MOX-8","ARO:3002190","RSC1-1",1,"class C beta-lactamase","class C beta-lactamase"
"1773","ARO:3000854","MSI-1","ARO:3003718","SMB-1",1,"class B beta-lactamase","class B beta-lactamase"
"1774","ARO:3003719","MSI-OXA","ARO:3008548","OXA-1130",1,"class D beta-lactamase","class D beta-lactamase"
"1775","ARO:3003719","MSI-OXA","ARO:3008604","OXA-1188",1,"class D beta-lactamase","class D beta-lactamase"
"1776","ARO:3003719","MSI-OXA","ARO:3008688","OXA-1278",1,"class D beta-lactamase","class D beta-lactamase"
"1777","ARO:3005094","MSI-OXA","ARO:3003719","OXA-898",1,"class D beta-lactamase","class D beta-lactamase"
"1778","ARO:3006954","MYO-1","ARO:3007006","ZOG-1",1,"class B beta-lactamase","class B beta-lactamase"
"1779","ARO:3006955","MYX-1","ARO:3007000","STA-1",1,"class B beta-lactamase","class B beta-lactamase"
"1780","ARO:3006955","MYX-1","ARO:3005507","VIM-59",1,"class B beta-lactamase","class B beta-lactamase"
"1781","ARO:3000807","MexG","ARO:3000806","MexH",1,"efflux pump","efflux pump"
"1782","ARO:3004075","MuxB","ARO:3004074","MuxC",1,"efflux pump","efflux pump"
"1783","ARO:3000589","NDM-1","ARO:3007217","NDM-40",1,"class B beta-lactamase","class B beta-lactamase"
"1784","ARO:3000589","NDM-1","ARO:3008414","NDM-69",1,"class B beta-lactamase","class B beta-lactamase"
"1785","ARO:3002514","OCH-1","ARO:3002519","OCH-6",1,"class C beta-lactamase","class C beta-lactamase"
"1786","ARO:3002514","OCH-1","ARO:3006539","PDC-160",1,"class C beta-lactamase","class C beta-lactamase"
"1787","ARO:3002515","OCH-2","ARO:3005310","PDC-313",1,"class C beta-lactamase","class C beta-lactamase"
"1788","ARO:3009041","OCH-3","ARO:3002516","RSC1-1",1,"class C beta-lactamase","class C beta-lactamase"
"1789","ARO:3002518","OCH-5","ARO:3002519","OCH-6",1,"class C beta-lactamase","class C beta-lactamase"
"1790","ARO:3002518","OCH-5","ARO:3002520","OCH-7",1,"class C beta-lactamase","class C beta-lactamase"
"1791","ARO:3009041","OCH-5","ARO:3002518","RSC1-1",1,"class C beta-lactamase","class C beta-lactamase"
"1792","ARO:3002520","OCH-6","ARO:3002519","OCH-7",1,"class C beta-lactamase","class C beta-lactamase"
"1793","ARO:3009041","OCH-6","ARO:3002519","RSC1-1",1,"class C beta-lactamase","class C beta-lactamase"
"1794","ARO:3002521","OCH-7","ARO:3002520","OCH-8",1,"class C beta-lactamase","class C beta-lactamase"
"1795","ARO:3002520","OCH-7","ARO:3006575","PDC-196",1,"class C beta-lactamase","class C beta-lactamase"
"1796","ARO:3005133","OCH-7","ARO:3002520","PDC-62",1,"class C beta-lactamase","class C beta-lactamase"
"1797","ARO:3009033","OCH-7","ARO:3002520","PNC-2",1,"class C beta-lactamase","class C beta-lactamase"
"1798","ARO:3002521","OCH-8","ARO:3008871","PDC-524",1,"class C beta-lactamase","class C beta-lactamase"
"1799","ARO:3002422","OKP-A-5","ARO:3009014","PEN-A35",1,"class A beta-lactamase","class A beta-lactamase"
"1800","ARO:3002423","OKP-A-6","ARO:3008988","PEN-A10",1,"class A beta-lactamase","class A beta-lactamase"
"1801","ARO:3002423","OKP-A-6","ARO:3009014","PEN-A35",1,"class A beta-lactamase","class A beta-lactamase"
"1802","ARO:3002426","OKP-A-9","ARO:3006978","PSV-1",1,"class A beta-lactamase","class A beta-lactamase"
"1803","ARO:3002435","OKP-B-2","ARO:3006144","OKP-B-22",1,"class A beta-lactamase","class A beta-lactamase"
"1804","ARO:3002439","OKP-B-2","ARO:3002435","OKP-B-6",1,"class A beta-lactamase","class A beta-lactamase"
"1805","ARO:3002439","OKP-B-22","ARO:3006144","OKP-B-6",1,"class A beta-lactamase","class A beta-lactamase"
"1806","ARO:3002437","OKP-B-4","ARO:3006968","PLA-1",1,"class A beta-lactamase","class A beta-lactamase"
"1807","ARO:3002437","OKP-B-4","ARO:3006969","PLA-2a",1,"class A beta-lactamase","class A beta-lactamase"
"1808","ARO:3002437","OKP-B-4","ARO:3009031","PLA-5",1,"class A beta-lactamase","class A beta-lactamase"
"1809","ARO:3001120","OKP-C-1","ARO:3006152","SHV-65",1,"class A beta-lactamase","class A beta-lactamase"
"1810","ARO:3006957","ORN-1","ARO:3006968","PLA-1",1,"class A beta-lactamase","class A beta-lactamase"
"1811","ARO:3006969","ORN-1","ARO:3006957","PLA-2a",1,"class A beta-lactamase","class A beta-lactamase"
"1812","ARO:3009030","ORN-1","ARO:3006957","PLA-4",1,"class A beta-lactamase","class A beta-lactamase"
"1813","ARO:3001032","ORN-1","ARO:3006957","TEM-166",1,"class A beta-lactamase","class A beta-lactamase"
"1814","ARO:3008424","OXA-1003","ARO:3001759","OXA-304",1,"class D beta-lactamase","class D beta-lactamase"
"1815","ARO:3001539","OXA-1003","ARO:3008424","OXA-352",1,"class D beta-lactamase","class D beta-lactamase"
"1816","ARO:3008424","OXA-1003","ARO:3006005","OXA-805",1,"class D beta-lactamase","class D beta-lactamase"
"1817","ARO:3008426","OXA-1005","ARO:3001676","OXA-235",1,"class D beta-lactamase","class D beta-lactamase"
"1818","ARO:3001681","OXA-1005","ARO:3008426","OXA-278",1,"class D beta-lactamase","class D beta-lactamase"
"1819","ARO:3008426","OXA-1005","ARO:3001737","OXA-282",1,"class D beta-lactamase","class D beta-lactamase"
"1820","ARO:3001547","OXA-1005","ARO:3008426","OXA-360",1,"class D beta-lactamase","class D beta-lactamase"
"1821","ARO:3005339","OXA-1005","ARO:3008426","OXA-646",1,"class D beta-lactamase","class D beta-lactamase"
"1822","ARO:3008426","OXA-1005","ARO:3008768","OXA-991",1,"class D beta-lactamase","class D beta-lactamase"
"1823","ARO:3006094","OXA-1014","ARO:3008435","OXA-907",1,"class D beta-lactamase","class D beta-lactamase"
"1824","ARO:3008442","OXA-1021","ARO:3008692","OXA-1282",1,"class D beta-lactamase","class D beta-lactamase"
"1825","ARO:3008694","OXA-1022","ARO:3008443","OXA-1284",1,"class D beta-lactamase","class D beta-lactamase"
"1826","ARO:3008700","OXA-1023","ARO:3008444","OXA-1290",1,"class D beta-lactamase","class D beta-lactamase"
"1827","ARO:3003600","OXA-1035","ARO:3008456","OXA-444",1,"class D beta-lactamase","class D beta-lactamase"
"1828","ARO:3001691","OXA-1036","ARO:3008457","OXA-228",1,"class D beta-lactamase","class D beta-lactamase"
"1829","ARO:3008457","OXA-1036","ARO:3004479","OXA-664",1,"class D beta-lactamase","class D beta-lactamase"
"1830","ARO:3007562","OXA-1039","ARO:3001788","OXA-204",1,"class D beta-lactamase","class D beta-lactamase"
"1831","ARO:3001782","OXA-1039","ARO:3007562","OXA-48",1,"class D beta-lactamase","class D beta-lactamase"
"1832","ARO:3007562","OXA-1039","ARO:3005744","OXA-514",1,"class D beta-lactamase","class D beta-lactamase"
"1833","ARO:3008460","OXA-1041","ARO:3003115","OXA-427",1,"class D beta-lactamase","class D beta-lactamase"
"1834","ARO:3001769","OXA-1043","ARO:3008462","OXA-42",1,"class D beta-lactamase","class D beta-lactamase"
"1835","ARO:3008462","OXA-1043","ARO:3003599","OXA-443",1,"class D beta-lactamase","class D beta-lactamase"
"1836","ARO:3008462","OXA-1043","ARO:3005793","OXA-569",1,"class D beta-lactamase","class D beta-lactamase"
"1837","ARO:3001772","OXA-1043","ARO:3008462","OXA-59",1,"class D beta-lactamase","class D beta-lactamase"
"1838","ARO:3003117","OXA-1045","ARO:3008464","OXA-421",1,"class D beta-lactamase","class D beta-lactamase"
"1839","ARO:3008464","OXA-1045","ARO:3005763","OXA-533",1,"class D beta-lactamase","class D beta-lactamase"
"1840","ARO:3008464","OXA-1045","ARO:3005981","OXA-777",1,"class D beta-lactamase","class D beta-lactamase"
"1841","ARO:3008464","OXA-1045","ARO:3006018","OXA-820",1,"class D beta-lactamase","class D beta-lactamase"
"1842","ARO:3008474","OXA-1056","ARO:3008602","OXA-1186",1,"class D beta-lactamase","class D beta-lactamase"
"1843","ARO:3001805","OXA-1056","ARO:3008474","OXA-198",1,"class D beta-lactamase","class D beta-lactamase"
"1844","ARO:3003620","OXA-1056","ARO:3008474","OXA-464",1,"class D beta-lactamase","class D beta-lactamase"
"1845","ARO:3008501","OXA-1083","ARO:3008603","OXA-1187",1,"class D beta-lactamase","class D beta-lactamase"
"1846","ARO:3001775","OXA-1083","ARO:3008501","OXA-119",1,"class D beta-lactamase","class D beta-lactamase"
"1847","ARO:3001398","OXA-1083","ARO:3008501","OXA-3",1,"class D beta-lactamase","class D beta-lactamase"
"1848","ARO:3001431","OXA-1083","ARO:3008501","OXA-37",1,"class D beta-lactamase","class D beta-lactamase"
"1849","ARO:3008501","OXA-1083","ARO:3005314","OXA-540",1,"class D beta-lactamase","class D beta-lactamase"
"1850","ARO:3008507","OXA-1089","ARO:3008594","OXA-1176",1,"class D beta-lactamase","class D beta-lactamase"
"1851","ARO:3008507","OXA-1089","ARO:3008618","OXA-1206",1,"class D beta-lactamase","class D beta-lactamase"
"1852","ARO:3008507","OXA-1089","ARO:3001777","OXA-347",1,"class D beta-lactamase","class D beta-lactamase"
"1853","ARO:3008507","OXA-1089","ARO:3001558","OXA-372",1,"class D beta-lactamase","class D beta-lactamase"
"1854","ARO:3008507","OXA-1089","ARO:3001400","OXA-5",1,"class D beta-lactamase","class D beta-lactamase"
"1855","ARO:3005775","OXA-1089","ARO:3008507","OXA-551",1,"class D beta-lactamase","class D beta-lactamase"
"1856","ARO:3008507","OXA-1089","ARO:3008737","OXA-960",1,"class D beta-lactamase","class D beta-lactamase"
"1857","ARO:3008741","OXA-1089","ARO:3008507","OXA-964",1,"class D beta-lactamase","class D beta-lactamase"
"1858","ARO:3006983","OXA-1105","ARO:3008523","RSD2-2",1,"class D beta-lactamase","class D beta-lactamase"
"1859","ARO:3008530","OXA-1112","ARO:3001695","OXA-134",1,"class D beta-lactamase","class D beta-lactamase"
"1860","ARO:3001681","OXA-1112","ARO:3008530","OXA-278",1,"class D beta-lactamase","class D beta-lactamase"
"1861","ARO:3008530","OXA-1112","ARO:3005335","OXA-496",1,"class D beta-lactamase","class D beta-lactamase"
"1862","ARO:3001796","OXA-1130","ARO:3008548","OXA-50",1,"class D beta-lactamase","class D beta-lactamase"
"1863","ARO:3008665","OXA-1131","ARO:3008549","OXA-1255",1,"class D beta-lactamase","class D beta-lactamase"
"1864","ARO:3001416","OXA-1136","ARO:3008554","OXA-21",1,"class D beta-lactamase","class D beta-lactamase"
"1865","ARO:3001398","OXA-1136","ARO:3008554","OXA-3",1,"class D beta-lactamase","class D beta-lactamase"
"1866","ARO:3001726","OXA-1137","ARO:3008555","OXA-270",1,"class D beta-lactamase","class D beta-lactamase"
"1867","ARO:3003117","OXA-1137","ARO:3008555","OXA-421",1,"class D beta-lactamase","class D beta-lactamase"
"1868","ARO:3006017","OXA-1137","ARO:3008555","OXA-819",1,"class D beta-lactamase","class D beta-lactamase"
"1869","ARO:3001609","OXA-1142","ARO:3008560","OXA-114a",1,"class D beta-lactamase","class D beta-lactamase"
"1870","ARO:3001610","OXA-1142","ARO:3008560","OXA-243",1,"class D beta-lactamase","class D beta-lactamase"
"1871","ARO:3008560","OXA-1142","ARO:3005743","OXA-513",1,"class D beta-lactamase","class D beta-lactamase"
"1872","ARO:3001691","OXA-1144","ARO:3008562","OXA-228",1,"class D beta-lactamase","class D beta-lactamase"
"1873","ARO:3008565","OXA-1147","ARO:3008593","OXA-1175",1,"class D beta-lactamase","class D beta-lactamase"
"1874","ARO:3001609","OXA-114a","ARO:3005712","OXA-114l",1,"class D beta-lactamase","class D beta-lactamase"
"1875","ARO:3001610","OXA-114a","ARO:3001609","OXA-243",1,"class D beta-lactamase","class D beta-lactamase"
"1876","ARO:3001609","OXA-114a","ARO:3003611","OXA-455",1,"class D beta-lactamase","class D beta-lactamase"
"1877","ARO:3001609","OXA-114a","ARO:3005323","OXA-926",1,"class D beta-lactamase","class D beta-lactamase"
"1878","ARO:3001610","OXA-114l","ARO:3005712","OXA-243",1,"class D beta-lactamase","class D beta-lactamase"
"1879","ARO:3003611","OXA-114l","ARO:3005712","OXA-455",1,"class D beta-lactamase","class D beta-lactamase"
"1880","ARO:3005793","OXA-114s","ARO:3005718","OXA-569",1,"class D beta-lactamase","class D beta-lactamase"
"1881","ARO:3001459","OXA-1152","ARO:3008570","OXA-154",1,"class D beta-lactamase","class D beta-lactamase"
"1882","ARO:3001792","OXA-1152","ARO:3008570","OXA-62",1,"class D beta-lactamase","class D beta-lactamase"
"1883","ARO:3008571","OXA-1153","ARO:3001407","OXA-12",1,"class D beta-lactamase","class D beta-lactamase"
"1884","ARO:3008571","OXA-1153","ARO:3008727","OXA-950",1,"class D beta-lactamase","class D beta-lactamase"
"1885","ARO:3008580","OXA-1157","ARO:3008575","OXA-1162",1,"class D beta-lactamase","class D beta-lactamase"
"1886","ARO:3008578","OXA-1160","ARO:3001407","OXA-12",1,"class D beta-lactamase","class D beta-lactamase"
"1887","ARO:3008580","OXA-1162","ARO:3001407","OXA-12",1,"class D beta-lactamase","class D beta-lactamase"
"1888","ARO:3008580","OXA-1162","ARO:3008720","OXA-725",1,"class D beta-lactamase","class D beta-lactamase"
"1889","ARO:3008580","OXA-1162","ARO:3006099","OXA-912",1,"class D beta-lactamase","class D beta-lactamase"
"1890","ARO:3001519","OXA-1165","ARO:3008583","OXA-331",1,"class D beta-lactamase","class D beta-lactamase"
"1891","ARO:3001775","OXA-1173","ARO:3008591","OXA-119",1,"class D beta-lactamase","class D beta-lactamase"
"1892","ARO:3001431","OXA-1173","ARO:3008591","OXA-37",1,"class D beta-lactamase","class D beta-lactamase"
"1893","ARO:3001769","OXA-1177","ARO:3008595","OXA-42",1,"class D beta-lactamase","class D beta-lactamase"
"1894","ARO:3001397","OXA-1183","ARO:3008599","OXA-2",1,"class D beta-lactamase","class D beta-lactamase"
"1895","ARO:3001810","OXA-1183","ARO:3008599","OXA-53",1,"class D beta-lactamase","class D beta-lactamase"
"1896","ARO:3001805","OXA-1186","ARO:3008602","OXA-198",1,"class D beta-lactamase","class D beta-lactamase"
"1897","ARO:3001397","OXA-1187","ARO:3008603","OXA-2",1,"class D beta-lactamase","class D beta-lactamase"
"1898","ARO:3001416","OXA-1187","ARO:3008603","OXA-21",1,"class D beta-lactamase","class D beta-lactamase"
"1899","ARO:3001398","OXA-1187","ARO:3008603","OXA-3",1,"class D beta-lactamase","class D beta-lactamase"
"1900","ARO:3008605","OXA-1189","ARO:3001712","OXA-213",1,"class D beta-lactamase","class D beta-lactamase"
"1901","ARO:3008605","OXA-1189","ARO:3001511","OXA-323",1,"class D beta-lactamase","class D beta-lactamase"
"1902","ARO:3001513","OXA-1189","ARO:3008605","OXA-325",1,"class D beta-lactamase","class D beta-lactamase"
"1903","ARO:3001397","OXA-119","ARO:3001775","OXA-2",1,"class D beta-lactamase","class D beta-lactamase"
"1904","ARO:3001415","OXA-119","ARO:3001775","OXA-20",1,"class D beta-lactamase","class D beta-lactamase"
"1905","ARO:3001398","OXA-119","ARO:3001775","OXA-3",1,"class D beta-lactamase","class D beta-lactamase"
"1906","ARO:3001775","OXA-119","ARO:3001810","OXA-53",1,"class D beta-lactamase","class D beta-lactamase"
"1907","ARO:3001407","OXA-12","ARO:3005734","OXA-504",1,"class D beta-lactamase","class D beta-lactamase"
"1908","ARO:3001407","OXA-12","ARO:3005931","OXA-726",1,"class D beta-lactamase","class D beta-lactamase"
"1909","ARO:3006103","OXA-12","ARO:3001407","OXA-917",1,"class D beta-lactamase","class D beta-lactamase"
"1910","ARO:3001407","OXA-12","ARO:3008728","OXA-951",1,"class D beta-lactamase","class D beta-lactamase"
"1911","ARO:3008735","OXA-12","ARO:3001407","OXA-958",1,"class D beta-lactamase","class D beta-lactamase"
"1912","ARO:3001407","OXA-12","ARO:3008736","OXA-959",1,"class D beta-lactamase","class D beta-lactamase"
"1913","ARO:3001710","OXA-1208","ARO:3008620","OXA-211",1,"class D beta-lactamase","class D beta-lactamase"
"1914","ARO:3008620","OXA-1208","ARO:3005864","OXA-644",1,"class D beta-lactamase","class D beta-lactamase"
"1915","ARO:3008649","OXA-1239","ARO:3003614","OXA-458",1,"class D beta-lactamase","class D beta-lactamase"
"1916","ARO:3008649","OXA-1239","ARO:3001404","OXA-9",1,"class D beta-lactamase","class D beta-lactamase"
"1917","ARO:3008649","OXA-1239","ARO:3006105","OXA-919",1,"class D beta-lactamase","class D beta-lactamase"
"1918","ARO:3001503","OXA-1251","ARO:3008661","OXA-258",1,"class D beta-lactamase","class D beta-lactamase"
"1919","ARO:3008674","OXA-1264","ARO:3001457","OXA-152",1,"class D beta-lactamase","class D beta-lactamase"
"1920","ARO:3001792","OXA-1264","ARO:3008674","OXA-62",1,"class D beta-lactamase","class D beta-lactamase"
"1921","ARO:3001796","OXA-1270","ARO:3008680","OXA-50",1,"class D beta-lactamase","class D beta-lactamase"
"1922","ARO:3008683","OXA-1273","ARO:3006089","OXA-901",1,"class D beta-lactamase","class D beta-lactamase"
"1923","ARO:3008694","OXA-1284","ARO:3008706","OXA-1296",1,"class D beta-lactamase","class D beta-lactamase"
"1924","ARO:3001582","OXA-1284","ARO:3008694","OXA-396",1,"class D beta-lactamase","class D beta-lactamase"
"1925","ARO:3001811","OXA-129","ARO:3001400","OXA-5",1,"class D beta-lactamase","class D beta-lactamase"
"1926","ARO:3008700","OXA-1290","ARO:3006093","OXA-905",1,"class D beta-lactamase","class D beta-lactamase"
"1927","ARO:3008704","OXA-1291","ARO:3008701","OXA-1294",1,"class D beta-lactamase","class D beta-lactamase"
"1928","ARO:3008704","OXA-1294","ARO:3001581","OXA-395",1,"class D beta-lactamase","class D beta-lactamase"
"1929","ARO:3008704","OXA-1294","ARO:3005727","OXA-494",1,"class D beta-lactamase","class D beta-lactamase"
"1930","ARO:3001796","OXA-1296","ARO:3008706","OXA-50",1,"class D beta-lactamase","class D beta-lactamase"
"1931","ARO:3001812","OXA-1307","ARO:3008717","OXA-54",1,"class D beta-lactamase","class D beta-lactamase"
"1932","ARO:3001737","OXA-134","ARO:3001695","OXA-282",1,"class D beta-lactamase","class D beta-lactamase"
"1933","ARO:3009042","OXA-151","ARO:3001456","RSD1-1",1,"class D beta-lactamase","class D beta-lactamase"
"1934","ARO:3001792","OXA-154","ARO:3001459","OXA-62",1,"class D beta-lactamase","class D beta-lactamase"
"1935","ARO:3001792","OXA-156","ARO:3001461","OXA-62",1,"class D beta-lactamase","class D beta-lactamase"
"1936","ARO:3001776","OXA-162","ARO:3005772","OXA-548",1,"class D beta-lactamase","class D beta-lactamase"
"1937","ARO:3001776","OXA-162","ARO:3005775","OXA-551",1,"class D beta-lactamase","class D beta-lactamase"
"1938","ARO:3001776","OXA-162","ARO:3006088","OXA-900",1,"class D beta-lactamase","class D beta-lactamase"
"1939","ARO:3001776","OXA-162","ARO:3007483","RAD-1",1,"class D beta-lactamase","class D beta-lactamase"
"1940","ARO:3005797","OXA-184","ARO:3001476","OXA-576",1,"class D beta-lactamase","class D beta-lactamase"
"1941","ARO:3001773","OXA-184","ARO:3001476","OXA-61",1,"class D beta-lactamase","class D beta-lactamase"
"1942","ARO:3007483","OXA-192","ARO:3001766","RAD-1",1,"class D beta-lactamase","class D beta-lactamase"
"1943","ARO:3001478","OXA-193","ARO:3005823","OXA-602",1,"class D beta-lactamase","class D beta-lactamase"
"1944","ARO:3001478","OXA-193","ARO:3005824","OXA-603",1,"class D beta-lactamase","class D beta-lactamase"
"1945","ARO:3005830","OXA-193","ARO:3001478","OXA-609",1,"class D beta-lactamase","class D beta-lactamase"
"1946","ARO:3001478","OXA-193","ARO:3005831","OXA-610",1,"class D beta-lactamase","class D beta-lactamase"
"1947","ARO:3001431","OXA-2","ARO:3001397","OXA-37",1,"class D beta-lactamase","class D beta-lactamase"
"1948","ARO:3001397","OXA-2","ARO:3001810","OXA-53",1,"class D beta-lactamase","class D beta-lactamase"
"1949","ARO:3001397","OXA-2","ARO:3005314","OXA-540",1,"class D beta-lactamase","class D beta-lactamase"
"1950","ARO:3001415","OXA-20","ARO:3005937","OXA-732",1,"class D beta-lactamase","class D beta-lactamase"
"1951","ARO:3001782","OXA-204","ARO:3001788","OXA-48",1,"class D beta-lactamase","class D beta-lactamase"
"1952","ARO:3001788","OXA-204","ARO:3005744","OXA-514",1,"class D beta-lactamase","class D beta-lactamase"
"1953","ARO:3001416","OXA-21","ARO:3001810","OXA-53",1,"class D beta-lactamase","class D beta-lactamase"
"1954","ARO:3001710","OXA-211","ARO:3001711","OXA-212",1,"class D beta-lactamase","class D beta-lactamase"
"1955","ARO:3001710","OXA-211","ARO:3001735","OXA-280",1,"class D beta-lactamase","class D beta-lactamase"
"1956","ARO:3001710","OXA-211","ARO:3001736","OXA-281",1,"class D beta-lactamase","class D beta-lactamase"
"1957","ARO:3001710","OXA-211","ARO:3001521","OXA-333",1,"class D beta-lactamase","class D beta-lactamase"
"1958","ARO:3001710","OXA-211","ARO:3005863","OXA-643",1,"class D beta-lactamase","class D beta-lactamase"
"1959","ARO:3001710","OXA-211","ARO:3005868","OXA-652",1,"class D beta-lactamase","class D beta-lactamase"
"1960","ARO:3001711","OXA-212","ARO:3001735","OXA-280",1,"class D beta-lactamase","class D beta-lactamase"
"1961","ARO:3001711","OXA-212","ARO:3005863","OXA-643",1,"class D beta-lactamase","class D beta-lactamase"
"1962","ARO:3005864","OXA-212","ARO:3001711","OXA-644",1,"class D beta-lactamase","class D beta-lactamase"
"1963","ARO:3001712","OXA-213","ARO:3001511","OXA-323",1,"class D beta-lactamase","class D beta-lactamase"
"1964","ARO:3001513","OXA-213","ARO:3001712","OXA-325",1,"class D beta-lactamase","class D beta-lactamase"
"1965","ARO:3001546","OXA-213","ARO:3001712","OXA-359",1,"class D beta-lactamase","class D beta-lactamase"
"1966","ARO:3006020","OXA-213","ARO:3001712","OXA-822",1,"class D beta-lactamase","class D beta-lactamase"
"1967","ARO:3001713","OXA-214","ARO:3001752","OXA-297",1,"class D beta-lactamase","class D beta-lactamase"
"1968","ARO:3001713","OXA-214","ARO:3008761","OXA-984",1,"class D beta-lactamase","class D beta-lactamase"
"1969","ARO:3001713","OXA-214","ARO:3008773","OXA-996",1,"class D beta-lactamase","class D beta-lactamase"
"1970","ARO:3001714","OXA-215","ARO:3001722","OXA-266",1,"class D beta-lactamase","class D beta-lactamase"
"1971","ARO:3001714","OXA-215","ARO:3001734","OXA-279",1,"class D beta-lactamase","class D beta-lactamase"
"1972","ARO:3001714","OXA-215","ARO:3001741","OXA-286",1,"class D beta-lactamase","class D beta-lactamase"
"1973","ARO:3001714","OXA-215","ARO:3001744","OXA-289",1,"class D beta-lactamase","class D beta-lactamase"
"1974","ARO:3001714","OXA-215","ARO:3001746","OXA-291",1,"class D beta-lactamase","class D beta-lactamase"
"1975","ARO:3001714","OXA-215","ARO:3001748","OXA-293",1,"class D beta-lactamase","class D beta-lactamase"
"1976","ARO:3001714","OXA-215","ARO:3001749","OXA-294",1,"class D beta-lactamase","class D beta-lactamase"
"1977","ARO:3001714","OXA-215","ARO:3005876","OXA-661",1,"class D beta-lactamase","class D beta-lactamase"
"1978","ARO:3001714","OXA-215","ARO:3005328","OXA-671",1,"class D beta-lactamase","class D beta-lactamase"
"1979","ARO:3001714","OXA-215","ARO:3005329","OXA-673",1,"class D beta-lactamase","class D beta-lactamase"
"1980","ARO:3001714","OXA-215","ARO:3008774","OXA-997",1,"class D beta-lactamase","class D beta-lactamase"
"1981","ARO:3001417","OXA-22","ARO:3003599","OXA-443",1,"class D beta-lactamase","class D beta-lactamase"
"1982","ARO:3001417","OXA-22","ARO:3005793","OXA-569",1,"class D beta-lactamase","class D beta-lactamase"
"1983","ARO:3001417","OXA-22","ARO:3005794","OXA-572",1,"class D beta-lactamase","class D beta-lactamase"
"1984","ARO:3001691","OXA-228","ARO:3001730","OXA-274",1,"class D beta-lactamase","class D beta-lactamase"
"1985","ARO:3001691","OXA-228","ARO:3001542","OXA-355",1,"class D beta-lactamase","class D beta-lactamase"
"1986","ARO:3001691","OXA-228","ARO:3004479","OXA-664",1,"class D beta-lactamase","class D beta-lactamase"
"1987","ARO:3001692","OXA-229","ARO:3001763","OXA-308",1,"class D beta-lactamase","class D beta-lactamase"
"1988","ARO:3001692","OXA-229","ARO:3008758","OXA-981",1,"class D beta-lactamase","class D beta-lactamase"
"1989","ARO:3001778","OXA-232","ARO:3006108","OXA-922",1,"class D beta-lactamase","class D beta-lactamase"
"1990","ARO:3001732","OXA-235","ARO:3001676","OXA-276",1,"class D beta-lactamase","class D beta-lactamase"
"1991","ARO:3001681","OXA-235","ARO:3001676","OXA-278",1,"class D beta-lactamase","class D beta-lactamase"
"1992","ARO:3005339","OXA-235","ARO:3001676","OXA-646",1,"class D beta-lactamase","class D beta-lactamase"
"1993","ARO:3008768","OXA-235","ARO:3001676","OXA-991",1,"class D beta-lactamase","class D beta-lactamase"
"1994","ARO:3001610","OXA-243","ARO:3001551","OXA-364",1,"class D beta-lactamase","class D beta-lactamase"
"1995","ARO:3001769","OXA-243","ARO:3001610","OXA-42",1,"class D beta-lactamase","class D beta-lactamase"
"1996","ARO:3001610","OXA-243","ARO:3003614","OXA-458",1,"class D beta-lactamase","class D beta-lactamase"
"1997","ARO:3001610","OXA-243","ARO:3003615","OXA-459",1,"class D beta-lactamase","class D beta-lactamase"
"1998","ARO:3001610","OXA-243","ARO:3005793","OXA-569",1,"class D beta-lactamase","class D beta-lactamase"
"1999","ARO:3001610","OXA-243","ARO:3005992","OXA-789",1,"class D beta-lactamase","class D beta-lactamase"
"2000","ARO:3001610","OXA-243","ARO:3005323","OXA-926",1,"class D beta-lactamase","class D beta-lactamase"
"2001","ARO:3001690","OXA-255","ARO:3005344","OXA-825",1,"class D beta-lactamase","class D beta-lactamase"
"2002","ARO:3005876","OXA-266","ARO:3001722","OXA-661",1,"class D beta-lactamase","class D beta-lactamase"
"2003","ARO:3001542","OXA-274","ARO:3001730","OXA-355",1,"class D beta-lactamase","class D beta-lactamase"
"2004","ARO:3001681","OXA-276","ARO:3001732","OXA-278",1,"class D beta-lactamase","class D beta-lactamase"
"2005","ARO:3001681","OXA-278","ARO:3001739","OXA-284",1,"class D beta-lactamase","class D beta-lactamase"
"2006","ARO:3001681","OXA-278","ARO:3001548","OXA-361",1,"class D beta-lactamase","class D beta-lactamase"
"2007","ARO:3001681","OXA-278","ARO:3005338","OXA-648",1,"class D beta-lactamase","class D beta-lactamase"
"2008","ARO:3005863","OXA-280","ARO:3001735","OXA-643",1,"class D beta-lactamase","class D beta-lactamase"
"2009","ARO:3005864","OXA-280","ARO:3001735","OXA-644",1,"class D beta-lactamase","class D beta-lactamase"
"2010","ARO:3001521","OXA-281","ARO:3001736","OXA-333",1,"class D beta-lactamase","class D beta-lactamase"
"2011","ARO:3005868","OXA-281","ARO:3001736","OXA-652",1,"class D beta-lactamase","class D beta-lactamase"
"2012","ARO:3001548","OXA-282","ARO:3001737","OXA-361",1,"class D beta-lactamase","class D beta-lactamase"
"2013","ARO:3001550","OXA-282","ARO:3001737","OXA-363",1,"class D beta-lactamase","class D beta-lactamase"
"2014","ARO:3005335","OXA-282","ARO:3001737","OXA-496",1,"class D beta-lactamase","class D beta-lactamase"
"2015","ARO:3001738","OXA-283","ARO:3005335","OXA-496",1,"class D beta-lactamase","class D beta-lactamase"
"2016","ARO:3001550","OXA-284","ARO:3001739","OXA-363",1,"class D beta-lactamase","class D beta-lactamase"
"2017","ARO:3005328","OXA-287","ARO:3001742","OXA-671",1,"class D beta-lactamase","class D beta-lactamase"
"2018","ARO:3001772","OXA-29","ARO:3001424","OXA-59",1,"class D beta-lactamase","class D beta-lactamase"
"2019","ARO:3005329","OXA-293","ARO:3001748","OXA-673",1,"class D beta-lactamase","class D beta-lactamase"
"2020","ARO:3008774","OXA-294","ARO:3001749","OXA-997",1,"class D beta-lactamase","class D beta-lactamase"
"2021","ARO:3008761","OXA-297","ARO:3001752","OXA-984",1,"class D beta-lactamase","class D beta-lactamase"
"2022","ARO:3008773","OXA-297","ARO:3001752","OXA-996",1,"class D beta-lactamase","class D beta-lactamase"
"2023","ARO:3001539","OXA-304","ARO:3001759","OXA-352",1,"class D beta-lactamase","class D beta-lactamase"
"2024","ARO:3006005","OXA-304","ARO:3001759","OXA-805",1,"class D beta-lactamase","class D beta-lactamase"
"2025","ARO:3008758","OXA-308","ARO:3001763","OXA-981",1,"class D beta-lactamase","class D beta-lactamase"
"2026","ARO:3001513","OXA-323","ARO:3001511","OXA-325",1,"class D beta-lactamase","class D beta-lactamase"
"2027","ARO:3001521","OXA-333","ARO:3005868","OXA-652",1,"class D beta-lactamase","class D beta-lactamase"
"2028","ARO:3001523","OXA-335","ARO:3005335","OXA-496",1,"class D beta-lactamase","class D beta-lactamase"
"2029","ARO:3001539","OXA-352","ARO:3006005","OXA-805",1,"class D beta-lactamase","class D beta-lactamase"
"2030","ARO:3001543","OXA-356","ARO:3005878","OXA-666",1,"class D beta-lactamase","class D beta-lactamase"
"2031","ARO:3001546","OXA-359","ARO:3006020","OXA-822",1,"class D beta-lactamase","class D beta-lactamase"
"2032","ARO:3001550","OXA-360","ARO:3001547","OXA-363",1,"class D beta-lactamase","class D beta-lactamase"
"2033","ARO:3001547","OXA-360","ARO:3005339","OXA-646",1,"class D beta-lactamase","class D beta-lactamase"
"2034","ARO:3001547","OXA-360","ARO:3008768","OXA-991",1,"class D beta-lactamase","class D beta-lactamase"
"2035","ARO:3001550","OXA-363","ARO:3005335","OXA-496",1,"class D beta-lactamase","class D beta-lactamase"
"2036","ARO:3001550","OXA-363","ARO:3005339","OXA-646",1,"class D beta-lactamase","class D beta-lactamase"
"2037","ARO:3001550","OXA-363","ARO:3005338","OXA-648",1,"class D beta-lactamase","class D beta-lactamase"
"2038","ARO:3001550","OXA-363","ARO:3008768","OXA-991",1,"class D beta-lactamase","class D beta-lactamase"
"2039","ARO:3001551","OXA-364","ARO:3003614","OXA-458",1,"class D beta-lactamase","class D beta-lactamase"
"2040","ARO:3005794","OXA-364","ARO:3001551","OXA-572",1,"class D beta-lactamase","class D beta-lactamase"
"2041","ARO:3001772","OXA-364","ARO:3001551","OXA-59",1,"class D beta-lactamase","class D beta-lactamase"
"2042","ARO:3005727","OXA-395","ARO:3001581","OXA-494",1,"class D beta-lactamase","class D beta-lactamase"
"2043","ARO:3001796","OXA-396","ARO:3001582","OXA-50",1,"class D beta-lactamase","class D beta-lactamase"
"2044","ARO:3001769","OXA-42","ARO:3008736","OXA-959",1,"class D beta-lactamase","class D beta-lactamase"
"2045","ARO:3003117","OXA-421","ARO:3005732","OXA-502",1,"class D beta-lactamase","class D beta-lactamase"
"2046","ARO:3003117","OXA-421","ARO:3005736","OXA-506",1,"class D beta-lactamase","class D beta-lactamase"
"2047","ARO:3003117","OXA-421","ARO:3005763","OXA-533",1,"class D beta-lactamase","class D beta-lactamase"
"2048","ARO:3003117","OXA-421","ARO:3005981","OXA-777",1,"class D beta-lactamase","class D beta-lactamase"
"2049","ARO:3003117","OXA-421","ARO:3006018","OXA-820",1,"class D beta-lactamase","class D beta-lactamase"
"2050","ARO:3003117","OXA-421","ARO:3006019","OXA-821",1,"class D beta-lactamase","class D beta-lactamase"
"2051","ARO:3003128","OXA-436","ARO:3004362","OXA-535",1,"class D beta-lactamase","class D beta-lactamase"
"2052","ARO:3003128","OXA-436","ARO:3005936","OXA-731",1,"class D beta-lactamase","class D beta-lactamase"
"2053","ARO:3003599","OXA-443","ARO:3006105","OXA-919",1,"class D beta-lactamase","class D beta-lactamase"
"2054","ARO:3005326","OXA-444","ARO:3003600","OXA-571",1,"class D beta-lactamase","class D beta-lactamase"
"2055","ARO:3003611","OXA-455","ARO:3005743","OXA-513",1,"class D beta-lactamase","class D beta-lactamase"
"2056","ARO:3001772","OXA-455","ARO:3003611","OXA-59",1,"class D beta-lactamase","class D beta-lactamase"
"2057","ARO:3003611","OXA-455","ARO:3005992","OXA-789",1,"class D beta-lactamase","class D beta-lactamase"
"2058","ARO:3001772","OXA-458","ARO:3003614","OXA-59",1,"class D beta-lactamase","class D beta-lactamase"
"2059","ARO:3005823","OXA-460","ARO:3003616","OXA-602",1,"class D beta-lactamase","class D beta-lactamase"
"2060","ARO:3005824","OXA-460","ARO:3003616","OXA-603",1,"class D beta-lactamase","class D beta-lactamase"
"2061","ARO:3005830","OXA-460","ARO:3003616","OXA-609",1,"class D beta-lactamase","class D beta-lactamase"
"2062","ARO:3005831","OXA-460","ARO:3003616","OXA-610",1,"class D beta-lactamase","class D beta-lactamase"
"2063","ARO:3001780","OXA-471","ARO:3003627","OXA-85",1,"class D beta-lactamase","class D beta-lactamase"
"2064","ARO:3001782","OXA-48","ARO:3005744","OXA-514",1,"class D beta-lactamase","class D beta-lactamase"
"2065","ARO:3001796","OXA-494","ARO:3005727","OXA-50",1,"class D beta-lactamase","class D beta-lactamase"
"2066","ARO:3005338","OXA-496","ARO:3005335","OXA-648",1,"class D beta-lactamase","class D beta-lactamase"
"2067","ARO:3001796","OXA-50","ARO:3006041","OXA-848",1,"class D beta-lactamase","class D beta-lactamase"
"2068","ARO:3005736","OXA-502","ARO:3005732","OXA-506",1,"class D beta-lactamase","class D beta-lactamase"
"2069","ARO:3006019","OXA-502","ARO:3005732","OXA-821",1,"class D beta-lactamase","class D beta-lactamase"
"2070","ARO:3005736","OXA-506","ARO:3006019","OXA-821",1,"class D beta-lactamase","class D beta-lactamase"
"2071","ARO:3005743","OXA-513","ARO:3005992","OXA-789",1,"class D beta-lactamase","class D beta-lactamase"
"2072","ARO:3001810","OXA-53","ARO:3005937","OXA-732",1,"class D beta-lactamase","class D beta-lactamase"
"2073","ARO:3005981","OXA-533","ARO:3005763","OXA-777",1,"class D beta-lactamase","class D beta-lactamase"
"2074","ARO:3006018","OXA-533","ARO:3005763","OXA-820",1,"class D beta-lactamase","class D beta-lactamase"
"2075","ARO:3001812","OXA-54","ARO:3006088","OXA-900",1,"class D beta-lactamase","class D beta-lactamase"
"2076","ARO:3001812","OXA-54","ARO:3007483","RAD-1",1,"class D beta-lactamase","class D beta-lactamase"
"2077","ARO:3006088","OXA-548","ARO:3005772","OXA-900",1,"class D beta-lactamase","class D beta-lactamase"
"2078","ARO:3001813","OXA-55","ARO:3005934","OXA-729",1,"class D beta-lactamase","class D beta-lactamase"
"2079","ARO:3001813","OXA-55","ARO:3008741","OXA-964",1,"class D beta-lactamase","class D beta-lactamase"
"2080","ARO:3001771","OXA-569","ARO:3005793","OXA-57",1,"class D beta-lactamase","class D beta-lactamase"
"2081","ARO:3005793","OXA-569","ARO:3005794","OXA-572",1,"class D beta-lactamase","class D beta-lactamase"
"2082","ARO:3001772","OXA-569","ARO:3005793","OXA-59",1,"class D beta-lactamase","class D beta-lactamase"
"2083","ARO:3001772","OXA-57","ARO:3001771","OXA-59",1,"class D beta-lactamase","class D beta-lactamase"
"2084","ARO:3005326","OXA-571","ARO:3005325","OXA-573",1,"class D beta-lactamase","class D beta-lactamase"
"2085","ARO:3005326","OXA-571","ARO:3005094","OXA-898",1,"class D beta-lactamase","class D beta-lactamase"
"2086","ARO:3005797","OXA-576","ARO:3001773","OXA-61",1,"class D beta-lactamase","class D beta-lactamase"
"2087","ARO:3001808","OXA-60","ARO:3005094","OXA-898",1,"class D beta-lactamase","class D beta-lactamase"
"2088","ARO:3005824","OXA-602","ARO:3005823","OXA-603",1,"class D beta-lactamase","class D beta-lactamase"
"2089","ARO:3001773","OXA-602","ARO:3005823","OXA-61",1,"class D beta-lactamase","class D beta-lactamase"
"2090","ARO:3005824","OXA-603","ARO:3001773","OXA-61",1,"class D beta-lactamase","class D beta-lactamase"
"2091","ARO:3005830","OXA-609","ARO:3001773","OXA-61",1,"class D beta-lactamase","class D beta-lactamase"
"2092","ARO:3005830","OXA-609","ARO:3005831","OXA-610",1,"class D beta-lactamase","class D beta-lactamase"
"2093","ARO:3005831","OXA-61","ARO:3001773","OXA-610",1,"class D beta-lactamase","class D beta-lactamase"
"2094","ARO:3005837","OXA-616","ARO:3005852","OXA-631",1,"class D beta-lactamase","class D beta-lactamase"
"2095","ARO:3005864","OXA-643","ARO:3005863","OXA-644",1,"class D beta-lactamase","class D beta-lactamase"
"2096","ARO:3005339","OXA-646","ARO:3008768","OXA-991",1,"class D beta-lactamase","class D beta-lactamase"
"2097","ARO:3001705","OXA-665","ARO:3004478","OXA-72",1,"class D beta-lactamase","class D beta-lactamase"
"2098","ARO:3005329","OXA-673","ARO:3001633","OXA-79",1,"class D beta-lactamase","class D beta-lactamase"
"2099","ARO:3008735","OXA-725","ARO:3008720","OXA-958",1,"class D beta-lactamase","class D beta-lactamase"
"2100","ARO:3008736","OXA-725","ARO:3008720","OXA-959",1,"class D beta-lactamase","class D beta-lactamase"
"2101","ARO:3005931","OXA-726","ARO:3008727","OXA-950",1,"class D beta-lactamase","class D beta-lactamase"
"2102","ARO:3008728","OXA-726","ARO:3005931","OXA-951",1,"class D beta-lactamase","class D beta-lactamase"
"2103","ARO:3005932","OXA-727","ARO:3005933","OXA-728",1,"class D beta-lactamase","class D beta-lactamase"
"2104","ARO:3005934","OXA-729","ARO:3008738","OXA-961",1,"class D beta-lactamase","class D beta-lactamase"
"2105","ARO:3008741","OXA-729","ARO:3005934","OXA-964",1,"class D beta-lactamase","class D beta-lactamase"
"2106","ARO:3006018","OXA-777","ARO:3005981","OXA-820",1,"class D beta-lactamase","class D beta-lactamase"
"2107","ARO:3006105","OXA-830","ARO:3006027","OXA-919",1,"class D beta-lactamase","class D beta-lactamase"
"2108","ARO:3008728","OXA-950","ARO:3008727","OXA-951",1,"class D beta-lactamase","class D beta-lactamase"
"2109","ARO:3008735","OXA-958","ARO:3008736","OXA-959",1,"class D beta-lactamase","class D beta-lactamase"
"2110","ARO:3009042","OXA-962","ARO:3008739","RSD1-1",1,"class D beta-lactamase","class D beta-lactamase"
"2111","ARO:3007483","OXA-982","ARO:3008759","RAD-1",1,"class D beta-lactamase","class D beta-lactamase"
"2112","ARO:3008773","OXA-984","ARO:3008761","OXA-996",1,"class D beta-lactamase","class D beta-lactamase"
"2113","ARO:3002405","OXY-2-10","ARO:3008793","OXY-2-22",1,"class A beta-lactamase","class A beta-lactamase"
"2114","ARO:3002405","OXY-2-10","ARO:3002401","OXY-2-6",1,"class A beta-lactamase","class A beta-lactamase"
"2115","ARO:3008793","OXY-2-22","ARO:3002401","OXY-2-6",1,"class A beta-lactamase","class A beta-lactamase"
"2116","ARO:3002398","OXY-2-28","ARO:3008799","OXY-2-3",1,"class A beta-lactamase","class A beta-lactamase"
"2117","ARO:3002399","OXY-2-28","ARO:3008799","OXY-2-4",1,"class A beta-lactamase","class A beta-lactamase"
"2118","ARO:3002399","OXY-2-3","ARO:3002398","OXY-2-4",1,"class A beta-lactamase","class A beta-lactamase"
"2119","ARO:3002404","OXY-2-9","ARO:3009012","PEN-A33",1,"class A beta-lactamase","class A beta-lactamase"
"2120","ARO:3008817","OXY-3-1","ARO:3002409","OXY-8-1",1,"class A beta-lactamase","class A beta-lactamase"
"2121","ARO:3008821","PAD-1","ARO:3008997","PEN-A1",1,"class A beta-lactamase","class A beta-lactamase"
"2122","ARO:3008821","PAD-1","ARO:3009008","PEN-A2",1,"class A beta-lactamase","class A beta-lactamase"
"2123","ARO:3008821","PAD-1","ARO:3009013","PEN-A34",1,"class A beta-lactamase","class A beta-lactamase"
"2124","ARO:3008821","PAD-1","ARO:3006973","PME-1",1,"class A beta-lactamase","class A beta-lactamase"
"2125","ARO:3001099","PAD-1","ARO:3008821","SHV-41",1,"class A beta-lactamase","class A beta-lactamase"
"2126","ARO:3007007","PAD-1","ARO:3008821","TER-2",1,"class A beta-lactamase","class A beta-lactamase"
"2127","ARO:3007201","PAM-1","ARO:3007199","PAM-3",1,"class B beta-lactamase","class B beta-lactamase"
"2128","ARO:3007201","PAM-2","ARO:3007200","PAM-3",1,"class B beta-lactamase","class B beta-lactamase"
"2129","ARO:3006619","PDC-102","ARO:3006482","PDC-241",1,"class C beta-lactamase","class C beta-lactamase"
"2130","ARO:3009041","PDC-102","ARO:3006482","RSC1-1",1,"class C beta-lactamase","class C beta-lactamase"
"2131","ARO:3006619","PDC-131","ARO:3006508","PDC-241",1,"class C beta-lactamase","class C beta-lactamase"
"2132","ARO:3009041","PDC-131","ARO:3006508","RSC1-1",1,"class C beta-lactamase","class C beta-lactamase"
"2133","ARO:3005310","PDC-137","ARO:3006514","PDC-313",1,"class C beta-lactamase","class C beta-lactamase"
"2134","ARO:3006514","PDC-137","ARO:3006772","PDC-402",1,"class C beta-lactamase","class C beta-lactamase"
"2135","ARO:3006514","PDC-137","ARO:3004339","PDC-76",1,"class C beta-lactamase","class C beta-lactamase"
"2136","ARO:3009041","PDC-151","ARO:3006529","RSC1-1",1,"class C beta-lactamase","class C beta-lactamase"
"2137","ARO:3006539","PDC-160","ARO:3006586","PDC-208",1,"class C beta-lactamase","class C beta-lactamase"
"2138","ARO:3006539","PDC-160","ARO:3006680","PDC-31",1,"class C beta-lactamase","class C beta-lactamase"
"2139","ARO:3006539","PDC-160","ARO:3006691","PDC-320",1,"class C beta-lactamase","class C beta-lactamase"
"2140","ARO:3006699","PDC-160","ARO:3006539","PDC-33",1,"class C beta-lactamase","class C beta-lactamase"
"2141","ARO:3006539","PDC-160","ARO:3008912","PDC-565",1,"class C beta-lactamase","class C beta-lactamase"
"2142","ARO:3005133","PDC-160","ARO:3006539","PDC-62",1,"class C beta-lactamase","class C beta-lactamase"
"2143","ARO:3006654","PDC-161","ARO:3006540","PDC-280",1,"class C beta-lactamase","class C beta-lactamase"
"2144","ARO:3006574","PDC-195","ARO:3006680","PDC-31",1,"class C beta-lactamase","class C beta-lactamase"
"2145","ARO:3006709","PDC-195","ARO:3006574","PDC-34",1,"class C beta-lactamase","class C beta-lactamase"
"2146","ARO:3005133","PDC-199","ARO:3006578","PDC-62",1,"class C beta-lactamase","class C beta-lactamase"
"2147","ARO:3006586","PDC-208","ARO:3006680","PDC-31",1,"class C beta-lactamase","class C beta-lactamase"
"2148","ARO:3006699","PDC-208","ARO:3006586","PDC-33",1,"class C beta-lactamase","class C beta-lactamase"
"2149","ARO:3005133","PDC-208","ARO:3006586","PDC-62",1,"class C beta-lactamase","class C beta-lactamase"
"2150","ARO:3006619","PDC-241","ARO:3008955","PDC-608",1,"class C beta-lactamase","class C beta-lactamase"
"2151","ARO:3006766","PDC-260","ARO:3006637","PDC-397",1,"class C beta-lactamase","class C beta-lactamase"
"2152","ARO:3006699","PDC-31","ARO:3006680","PDC-33",1,"class C beta-lactamase","class C beta-lactamase"
"2153","ARO:3006709","PDC-31","ARO:3006680","PDC-34",1,"class C beta-lactamase","class C beta-lactamase"
"2154","ARO:3005133","PDC-31","ARO:3006680","PDC-62",1,"class C beta-lactamase","class C beta-lactamase"
"2155","ARO:3009041","PDC-356","ARO:3006725","RSC1-1",1,"class C beta-lactamase","class C beta-lactamase"
"2156","ARO:3009041","PDC-357","ARO:3006726","RSC1-1",1,"class C beta-lactamase","class C beta-lactamase"
"2157","ARO:3006727","PDC-358","ARO:3006730","PDC-360",1,"class C beta-lactamase","class C beta-lactamase"
"2158","ARO:3004339","PDC-380","ARO:3005293","PDC-76",1,"class C beta-lactamase","class C beta-lactamase"
"2159","ARO:3009041","PDC-391","ARO:3006761","RSC1-1",1,"class C beta-lactamase","class C beta-lactamase"
"2160","ARO:3005133","PDC-41","ARO:3005157","PDC-62",1,"class C beta-lactamase","class C beta-lactamase"
"2161","ARO:3009041","PDC-41","ARO:3005157","RSC1-1",1,"class C beta-lactamase","class C beta-lactamase"
"2162","ARO:3009041","PDC-429","ARO:3005312","RSC1-1",1,"class C beta-lactamase","class C beta-lactamase"
"2163","ARO:3009041","PDC-447","ARO:3006815","RSC1-1",1,"class C beta-lactamase","class C beta-lactamase"
"2164","ARO:3009041","PDC-530","ARO:3008877","RSC1-1",1,"class C beta-lactamase","class C beta-lactamase"
"2165","ARO:3005133","PDC-605","ARO:3008952","PDC-62",1,"class C beta-lactamase","class C beta-lactamase"
"2166","ARO:3008980","PDC-629","ARO:3008976","PDC-633",1,"class C beta-lactamase","class C beta-lactamase"
"2167","ARO:3007085","PDC-629","ARO:3008976","PRC-1",1,"class C beta-lactamase","class C beta-lactamase"
"2168","ARO:3002506","PDC-7","ARO:3007085","PRC-1",1,"class C beta-lactamase","class C beta-lactamase"
"2169","ARO:3003670","PEDO-1","ARO:3006972","PLN-1",1,"class B beta-lactamase","class B beta-lactamase"
"2170","ARO:3008991","PEN-A1","ARO:3008997","PEN-A13",1,"class A beta-lactamase","class A beta-lactamase"
"2171","ARO:3009007","PEN-A1","ARO:3008997","PEN-A29",1,"class A beta-lactamase","class A beta-lactamase"
"2172","ARO:3009016","PEN-A1","ARO:3008997","PEN-A38",1,"class A beta-lactamase","class A beta-lactamase"
"2173","ARO:3008997","PEN-A1","ARO:3009023","PEN-B1",1,"class A beta-lactamase","class A beta-lactamase"
"2174","ARO:3008988","PEN-A10","ARO:3008989","PEN-A11",1,"class A beta-lactamase","class A beta-lactamase"
"2175","ARO:3008995","PEN-A10","ARO:3008988","PEN-A18",1,"class A beta-lactamase","class A beta-lactamase"
"2176","ARO:3009008","PEN-A10","ARO:3008988","PEN-A2",1,"class A beta-lactamase","class A beta-lactamase"
"2177","ARO:3008995","PEN-A11","ARO:3008989","PEN-A18",1,"class A beta-lactamase","class A beta-lactamase"
"2178","ARO:3009008","PEN-A11","ARO:3008989","PEN-A2",1,"class A beta-lactamase","class A beta-lactamase"
"2179","ARO:3009015","PEN-A11","ARO:3008989","PEN-A37",1,"class A beta-lactamase","class A beta-lactamase"
"2180","ARO:3009016","PEN-A11","ARO:3008989","PEN-A38",1,"class A beta-lactamase","class A beta-lactamase"
"2181","ARO:3003565","PEN-A11","ARO:3008989","R39",1,"class A beta-lactamase","class A beta-lactamase"
"2182","ARO:3009001","PEN-A15","ARO:3008992","PEN-A23",1,"class A beta-lactamase","class A beta-lactamase"
"2183","ARO:3009007","PEN-A15","ARO:3008992","PEN-A29",1,"class A beta-lactamase","class A beta-lactamase"
"2184","ARO:3009015","PEN-A15","ARO:3008992","PEN-A37",1,"class A beta-lactamase","class A beta-lactamase"
"2185","ARO:3008992","PEN-A15","ARO:3009022","PEN-A9",1,"class A beta-lactamase","class A beta-lactamase"
"2186","ARO:3009023","PEN-A15","ARO:3008992","PEN-B1",1,"class A beta-lactamase","class A beta-lactamase"
"2187","ARO:3008993","PEN-A16","ARO:3009002","PEN-A24",1,"class A beta-lactamase","class A beta-lactamase"
"2188","ARO:3008993","PEN-A16","ARO:3009012","PEN-A33",1,"class A beta-lactamase","class A beta-lactamase"
"2189","ARO:3009026","PEN-A16","ARO:3008993","PEN-B4",1,"class A beta-lactamase","class A beta-lactamase"
"2190","ARO:3003558","PEN-A16","ARO:3008993","y56 beta-lactamase",1,"class A beta-lactamase","class A beta-lactamase"
"2191","ARO:3008995","PEN-A18","ARO:3009008","PEN-A2",1,"class A beta-lactamase","class A beta-lactamase"
"2192","ARO:3008995","PEN-A18","ARO:3009015","PEN-A37",1,"class A beta-lactamase","class A beta-lactamase"
"2193","ARO:3008996","PEN-A19","ARO:3009000","PEN-A22",1,"class A beta-lactamase","class A beta-lactamase"
"2194","ARO:3003565","PEN-A22","ARO:3009000","R39",1,"class A beta-lactamase","class A beta-lactamase"
"2195","ARO:3009001","PEN-A23","ARO:3009012","PEN-A33",1,"class A beta-lactamase","class A beta-lactamase"
"2196","ARO:3009007","PEN-A25","ARO:3009003","PEN-A29",1,"class A beta-lactamase","class A beta-lactamase"
"2197","ARO:3003558","PEN-A26","ARO:3009004","y56 beta-lactamase",1,"class A beta-lactamase","class A beta-lactamase"
"2198","ARO:3009023","PEN-A27","ARO:3009005","PEN-B1",1,"class A beta-lactamase","class A beta-lactamase"
"2199","ARO:3003558","PEN-A27","ARO:3009005","y56 beta-lactamase",1,"class A beta-lactamase","class A beta-lactamase"
"2200","ARO:3009007","PEN-A29","ARO:3009017","PEN-A3",1,"class A beta-lactamase","class A beta-lactamase"
"2201","ARO:3009007","PEN-A29","ARO:3009013","PEN-A34",1,"class A beta-lactamase","class A beta-lactamase"
"2202","ARO:3009007","PEN-A29","ARO:3009014","PEN-A35",1,"class A beta-lactamase","class A beta-lactamase"
"2203","ARO:3009007","PEN-A29","ARO:3009015","PEN-A37",1,"class A beta-lactamase","class A beta-lactamase"
"2204","ARO:3009007","PEN-A29","ARO:3009018","PEN-A5",1,"class A beta-lactamase","class A beta-lactamase"
"2205","ARO:3009026","PEN-A29","ARO:3009007","PEN-B4",1,"class A beta-lactamase","class A beta-lactamase"
"2206","ARO:3009007","PEN-A29","ARO:3006973","PME-1",1,"class A beta-lactamase","class A beta-lactamase"
"2207","ARO:3003565","PEN-A29","ARO:3009007","R39",1,"class A beta-lactamase","class A beta-lactamase"
"2208","ARO:3009017","PEN-A3","ARO:3009012","PEN-A33",1,"class A beta-lactamase","class A beta-lactamase"
"2209","ARO:3009017","PEN-A3","ARO:3009018","PEN-A5",1,"class A beta-lactamase","class A beta-lactamase"
"2210","ARO:3009017","PEN-A3","ARO:3009022","PEN-A9",1,"class A beta-lactamase","class A beta-lactamase"
"2211","ARO:3009009","PEN-A30","ARO:3009012","PEN-A33",1,"class A beta-lactamase","class A beta-lactamase"
"2212","ARO:3009024","PEN-A30","ARO:3009009","PEN-B2",1,"class A beta-lactamase","class A beta-lactamase"
"2213","ARO:3009015","PEN-A33","ARO:3009012","PEN-A37",1,"class A beta-lactamase","class A beta-lactamase"
"2214","ARO:3009016","PEN-A33","ARO:3009012","PEN-A38",1,"class A beta-lactamase","class A beta-lactamase"
"2215","ARO:3009021","PEN-A33","ARO:3009012","PEN-A8",1,"class A beta-lactamase","class A beta-lactamase"
"2216","ARO:3009022","PEN-A33","ARO:3009012","PEN-A9",1,"class A beta-lactamase","class A beta-lactamase"
"2217","ARO:3009023","PEN-A33","ARO:3009012","PEN-B1",1,"class A beta-lactamase","class A beta-lactamase"
"2218","ARO:3003558","PEN-A33","ARO:3009012","y56 beta-lactamase",1,"class A beta-lactamase","class A beta-lactamase"
"2219","ARO:3009015","PEN-A35","ARO:3009014","PEN-A37",1,"class A beta-lactamase","class A beta-lactamase"
"2220","ARO:3009016","PEN-A35","ARO:3009014","PEN-A38",1,"class A beta-lactamase","class A beta-lactamase"
"2221","ARO:3009016","PEN-A37","ARO:3009015","PEN-A38",1,"class A beta-lactamase","class A beta-lactamase"
"2222","ARO:3009024","PEN-A37","ARO:3009015","PEN-B2",1,"class A beta-lactamase","class A beta-lactamase"
"2223","ARO:3009036","PEN-A37","ARO:3009015","RAHN-3",1,"class A beta-lactamase","class A beta-lactamase"
"2224","ARO:3009016","PEN-A38","ARO:3009023","PEN-B1",1,"class A beta-lactamase","class A beta-lactamase"
"2225","ARO:3003558","PEN-A38","ARO:3009016","y56 beta-lactamase",1,"class A beta-lactamase","class A beta-lactamase"
"2226","ARO:3003565","PEN-A6","ARO:3009019","R39",1,"class A beta-lactamase","class A beta-lactamase"
"2227","ARO:3007442","PEN-A8","ARO:3009021","SSA",1,"class A beta-lactamase","class A beta-lactamase"
"2228","ARO:3009023","PEN-A9","ARO:3009022","PEN-B1",1,"class A beta-lactamase","class A beta-lactamase"
"2229","ARO:3009024","PEN-B2","ARO:3007442","SSA",1,"class A beta-lactamase","class A beta-lactamase"
"2230","ARO:3007802","PER-12","ARO:3006133","RATA-2",1,"class A beta-lactamase","class A beta-lactamase"
"2231","ARO:3006137","PER-16","ARO:3002365","PER-3",1,"class A beta-lactamase","class A beta-lactamase"
"2232","ARO:3007442","PER-18","ARO:3009028","SSA",1,"class A beta-lactamase","class A beta-lactamase"
"2233","ARO:3007442","PER-6","ARO:3002368","SSA",1,"class A beta-lactamase","class A beta-lactamase"
"2234","ARO:3000849","PFM-2","ARO:3006966","SFH-1",1,"class B beta-lactamase","class B beta-lactamase"
"2235","ARO:3006969","PLA-1","ARO:3006968","PLA-2a",1,"class A beta-lactamase","class A beta-lactamase"
"2236","ARO:3009030","PLA-1","ARO:3006968","PLA-4",1,"class A beta-lactamase","class A beta-lactamase"
"2237","ARO:3009031","PLA-1","ARO:3006968","PLA-5",1,"class A beta-lactamase","class A beta-lactamase"
"2238","ARO:3001032","PLA-1","ARO:3006968","TEM-166",1,"class A beta-lactamase","class A beta-lactamase"
"2239","ARO:3006969","PLA-2a","ARO:3009031","PLA-5",1,"class A beta-lactamase","class A beta-lactamase"
"2240","ARO:3001032","PLA-4","ARO:3009030","TEM-166",1,"class A beta-lactamase","class A beta-lactamase"
"2241","ARO:3006999","PNC-1","ARO:3009032","SST-1",1,"class C beta-lactamase","class C beta-lactamase"
"2242","ARO:3009033","PNC-2","ARO:3006999","SST-1",1,"class C beta-lactamase","class C beta-lactamase"
"2243","ARO:3006974","POM-1","ARO:3006975","POM-2",1,"class B beta-lactamase","class B beta-lactamase"
"2244","ARO:3009096","PSZ-1","ARO:3007648","YOC-1",1,"class C beta-lactamase","class C beta-lactamase"
"2245","ARO:3002709","QnrA3","ARO:3002713","QnrA7",1,"qnr","qnr"
"2246","ARO:3002726","QnrB10","ARO:3002724","QnrB12",1,"qnr","qnr"
"2247","ARO:3002724","QnrB10","ARO:3002734","QnrB19",1,"qnr","qnr"
"2248","ARO:3002724","QnrB10","ARO:3002769","QnrB56",1,"qnr","qnr"
"2249","ARO:3002726","QnrB12","ARO:3002754","QnrB39",1,"qnr","qnr"
"2250","ARO:3002726","QnrB12","ARO:3002719","QnrB5",1,"qnr","qnr"
"2251","ARO:3002726","QnrB12","ARO:3002769","QnrB56",1,"qnr","qnr"
"2252","ARO:3002719","QnrB19","ARO:3002734","QnrB5",1,"qnr","qnr"
"2253","ARO:3002753","QnrB21","ARO:3002736","QnrB38",1,"qnr","qnr"
"2254","ARO:3002718","QnrB22","ARO:3002737","QnrB4",1,"qnr","qnr"
"2255","ARO:3002777","QnrB22","ARO:3002737","QnrB65",1,"qnr","qnr"
"2256","ARO:3002738","QnrB23","ARO:3004636","qnrE1",1,"qnr","qnr"
"2257","ARO:3002738","QnrB23","ARO:3004637","qnrE2",1,"qnr","qnr"
"2258","ARO:3002746","QnrB31","ARO:3002747","QnrB32",1,"qnr","qnr"
"2259","ARO:3002746","QnrB31","ARO:3002752","QnrB37",1,"qnr","qnr"
"2260","ARO:3002759","QnrB35","ARO:3002750","QnrB44",1,"qnr","qnr"
"2261","ARO:3002770","QnrB37","ARO:3002752","QnrB57",1,"qnr","qnr"
"2262","ARO:3002781","QnrB37","ARO:3002752","QnrB69",1,"qnr","qnr"
"2263","ARO:3002753","QnrB38","ARO:3002773","QnrB60",1,"qnr","qnr"
"2264","ARO:3002718","QnrB4","ARO:3002777","QnrB65",1,"qnr","qnr"
"2265","ARO:3002720","QnrB41","ARO:3002756","QnrB6",1,"qnr","qnr"
"2266","ARO:3002719","QnrB5","ARO:3002769","QnrB56",1,"qnr","qnr"
"2267","ARO:3002789","QnrD1","ARO:3002788","QnrD2",1,"qnr","qnr"
"2268","ARO:3007802","RAA-1","ARO:3009035","RATA-2",1,"class A beta-lactamase","class A beta-lactamase"
"2269","ARO:3003202","RATA-1","ARO:3007801","TLA-1",1,"class A beta-lactamase","class A beta-lactamase"
"2270","ARO:3009044","RATA-2","ARO:3007802","SED-2",1,"class A beta-lactamase","class A beta-lactamase"
"2271","ARO:3007802","RATA-2","ARO:3006987","SGM-1",1,"class A beta-lactamase","class A beta-lactamase"
"2272","ARO:3007802","RATA-2","ARO:3001181","SHV-137",1,"class A beta-lactamase","class A beta-lactamase"
"2273","ARO:3007802","RATA-2","ARO:3005251","SHV-213",1,"class A beta-lactamase","class A beta-lactamase"
"2274","ARO:3003202","RATA-2","ARO:3007802","TLA-1",1,"class A beta-lactamase","class A beta-lactamase"
"2275","ARO:3007802","RATA-2","ARO:3009079","VEB-18",1,"class A beta-lactamase","class A beta-lactamase"
"2276","ARO:3009041","RSC1-1","ARO:3002494","SRT-2",1,"class C beta-lactamase","class C beta-lactamase"
"2277","ARO:3009041","RSC1-1","ARO:3006999","SST-1",1,"class C beta-lactamase","class C beta-lactamase"
"2278","ARO:3006983","RSD2-1","ARO:3006982","RSD2-2",1,"class D beta-lactamase","class D beta-lactamase"
"2279","ARO:3001384","RUB-1","ARO:3006984","TEM-207",1,"class A beta-lactamase","class A beta-lactamase"
"2280","ARO:3002701","Rhodococcus fascians cmr","ARO:3002690","Streptomyces lividans cmlR",1,"MFS efflux pump","MFS efflux pump"
"2281","ARO:3003894","Rm3","ARO:3000851","THIN-B",1,"class B beta-lactamase","class B beta-lactamase"
"2282","ARO:3006988","SGM-1","ARO:3006987","SGM-2",1,"class A beta-lactamase","class A beta-lactamase"
"2283","ARO:3006987","SGM-1","ARO:3006991","SGM-5",1,"class A beta-lactamase","class A beta-lactamase"
"2284","ARO:3006988","SGM-2","ARO:3006990","SGM-4",1,"class A beta-lactamase","class A beta-lactamase"
"2285","ARO:3006993","SGM-2","ARO:3006988","SGM-7",1,"class A beta-lactamase","class A beta-lactamase"
"2286","ARO:3006992","SGM-5","ARO:3006991","SGM-6",1,"class A beta-lactamase","class A beta-lactamase"
"2287","ARO:3006993","SGM-5","ARO:3006991","SGM-7",1,"class A beta-lactamase","class A beta-lactamase"
"2288","ARO:3006993","SGM-6","ARO:3006992","SGM-7",1,"class A beta-lactamase","class A beta-lactamase"
"2289","ARO:3001059","SHV-1","ARO:3001070","SHV-11",1,"class A beta-lactamase","class A beta-lactamase"
"2290","ARO:3001059","SHV-1","ARO:3001200","SHV-161",1,"class A beta-lactamase","class A beta-lactamase"
"2291","ARO:3001059","SHV-1","ARO:3003154","SHV-187",1,"class A beta-lactamase","class A beta-lactamase"
"2292","ARO:3001059","SHV-1","ARO:3001077","SHV-19",1,"class A beta-lactamase","class A beta-lactamase"
"2293","ARO:3001059","SHV-1","ARO:3005230","SHV-211",1,"class A beta-lactamase","class A beta-lactamase"
"2294","ARO:3001059","SHV-1","ARO:3005231","SHV-219",1,"class A beta-lactamase","class A beta-lactamase"
"2295","ARO:3001059","SHV-1","ARO:3001088","SHV-30",1,"class A beta-lactamase","class A beta-lactamase"
"2296","ARO:3001100","SHV-1","ARO:3001059","SHV-42",1,"class A beta-lactamase","class A beta-lactamase"
"2297","ARO:3001059","SHV-1","ARO:3001115","SHV-60",1,"class A beta-lactamase","class A beta-lactamase"
"2298","ARO:3001070","SHV-11","ARO:3001088","SHV-30",1,"class A beta-lactamase","class A beta-lactamase"
"2299","ARO:3001070","SHV-11","ARO:3001115","SHV-60",1,"class A beta-lactamase","class A beta-lactamase"
"2300","ARO:3001071","SHV-12","ARO:3009063","SHV-244",1,"class A beta-lactamase","class A beta-lactamase"
"2301","ARO:3001071","SHV-12","ARO:3001106","SHV-49",1,"class A beta-lactamase","class A beta-lactamase"
"2302","ARO:3001112","SHV-12","ARO:3001071","SHV-56",1,"class A beta-lactamase","class A beta-lactamase"
"2303","ARO:3001077","SHV-161","ARO:3001200","SHV-19",1,"class A beta-lactamase","class A beta-lactamase"
"2304","ARO:3005231","SHV-161","ARO:3001200","SHV-219",1,"class A beta-lactamase","class A beta-lactamase"
"2305","ARO:3001100","SHV-161","ARO:3001200","SHV-42",1,"class A beta-lactamase","class A beta-lactamase"
"2306","ARO:3001077","SHV-19","ARO:3005231","SHV-219",1,"class A beta-lactamase","class A beta-lactamase"
"2307","ARO:3001100","SHV-19","ARO:3001077","SHV-42",1,"class A beta-lactamase","class A beta-lactamase"
"2308","ARO:3001100","SHV-219","ARO:3005231","SHV-42",1,"class A beta-lactamase","class A beta-lactamase"
"2309","ARO:3009063","SHV-244","ARO:3001106","SHV-49",1,"class A beta-lactamase","class A beta-lactamase"
"2310","ARO:3001091","SHV-30","ARO:3001088","SHV-33",1,"class A beta-lactamase","class A beta-lactamase"
"2311","ARO:3001115","SHV-30","ARO:3001088","SHV-60",1,"class A beta-lactamase","class A beta-lactamase"
"2312","ARO:3001112","SHV-31","ARO:3001089","SHV-56",1,"class A beta-lactamase","class A beta-lactamase"
"2313","ARO:3000851","SIE-1","ARO:3007846","THIN-B",1,"class B beta-lactamase","class B beta-lactamase"
"2314","ARO:3000851","SPG-1","ARO:3003720","THIN-B",1,"class B beta-lactamase","class B beta-lactamase"
"2315","ARO:3005497","SPN79-1","ARO:3006995","VIM-49",1,"class B beta-lactamase","class B beta-lactamase"
"2316","ARO:3003202","SPU-1","ARO:3006998","TLA-1",1,"class A beta-lactamase","class A beta-lactamase"
"2317","ARO:3006853","SRT-1","ARO:3002493","SRT-3",1,"class C beta-lactamase","class C beta-lactamase"
"2318","ARO:3009065","SRT-1","ARO:3002493","SRT-4",1,"class C beta-lactamase","class C beta-lactamase"
"2319","ARO:3006853","SRT-2","ARO:3002494","SRT-3",1,"class C beta-lactamase","class C beta-lactamase"
"2320","ARO:3006853","SRT-3","ARO:3006999","SST-1",1,"class C beta-lactamase","class C beta-lactamase"
"2321","ARO:3003202","SSA","ARO:3007442","TLA-1",1,"class A beta-lactamase","class A beta-lactamase"
"2322","ARO:3003203","SSA","ARO:3007442","TLA-2",1,"class A beta-lactamase","class A beta-lactamase"
"2323","ARO:3000873","TEM-1","ARO:3000967","TEM-104",1,"class A beta-lactamase","class A beta-lactamase"
"2324","ARO:3000873","TEM-1","ARO:3000968","TEM-105",1,"class A beta-lactamase","class A beta-lactamase"
"2325","ARO:3000873","TEM-1","ARO:3001041","TEM-176",1,"class A beta-lactamase","class A beta-lactamase"
"2326","ARO:3000873","TEM-1","ARO:3001393","TEM-216",1,"class A beta-lactamase","class A beta-lactamase"
"2327","ARO:3000873","TEM-1","ARO:3005273","TEM-243",1,"class A beta-lactamase","class A beta-lactamase"
"2328","ARO:3000873","TEM-1","ARO:3009067","TEM-248",1,"class A beta-lactamase","class A beta-lactamase"
"2329","ARO:3000873","TEM-1","ARO:3009068","TEM-249",1,"class A beta-lactamase","class A beta-lactamase"
"2330","ARO:3000873","TEM-1","ARO:3000962","TEM-95",1,"class A beta-lactamase","class A beta-lactamase"
"2331","ARO:3001044","TEM-102","ARO:3000965","TEM-181",1,"class A beta-lactamase","class A beta-lactamase"
"2332","ARO:3001041","TEM-104","ARO:3000967","TEM-176",1,"class A beta-lactamase","class A beta-lactamase"
"2333","ARO:3009068","TEM-104","ARO:3000967","TEM-249",1,"class A beta-lactamase","class A beta-lactamase"
"2334","ARO:3005273","TEM-105","ARO:3000968","TEM-243",1,"class A beta-lactamase","class A beta-lactamase"
"2335","ARO:3000968","TEM-105","ARO:3000962","TEM-95",1,"class A beta-lactamase","class A beta-lactamase"
"2336","ARO:3000979","TEM-116","ARO:3001028","TEM-162",1,"class A beta-lactamase","class A beta-lactamase"
"2337","ARO:3000979","TEM-116","ARO:3001044","TEM-181",1,"class A beta-lactamase","class A beta-lactamase"
"2338","ARO:3001383","TEM-135","ARO:3000999","TEM-206",1,"class A beta-lactamase","class A beta-lactamase"
"2339","ARO:3009067","TEM-141","ARO:3001004","TEM-248",1,"class A beta-lactamase","class A beta-lactamase"
"2340","ARO:3009075","TEM-150","ARO:3001017","TEM-256",1,"class A beta-lactamase","class A beta-lactamase"
"2341","ARO:3000904","TEM-150","ARO:3001017","TEM-34",1,"class A beta-lactamase","class A beta-lactamase"
"2342","ARO:3001032","TEM-166","ARO:3007454","TEM-245",1,"class A beta-lactamase","class A beta-lactamase"
"2343","ARO:3001032","TEM-166","ARO:3000961","TEM-94",1,"class A beta-lactamase","class A beta-lactamase"
"2344","ARO:3009068","TEM-176","ARO:3001041","TEM-249",1,"class A beta-lactamase","class A beta-lactamase"
"2345","ARO:3001383","TEM-206","ARO:3009067","TEM-248",1,"class A beta-lactamase","class A beta-lactamase"
"2346","ARO:3007007","TEM-238","ARO:3005269","TER-2",1,"class A beta-lactamase","class A beta-lactamase"
"2347","ARO:3005273","TEM-243","ARO:3000962","TEM-95",1,"class A beta-lactamase","class A beta-lactamase"
"2348","ARO:3007454","TEM-245","ARO:3000961","TEM-94",1,"class A beta-lactamase","class A beta-lactamase"
"2349","ARO:3009075","TEM-256","ARO:3000904","TEM-34",1,"class A beta-lactamase","class A beta-lactamase"
"2350","ARO:3003202","TLA-1","ARO:3006213","VEB-17",1,"class A beta-lactamase","class A beta-lactamase"
"2351","ARO:3003202","TLA-1","ARO:3009079","VEB-18",1,"class A beta-lactamase","class A beta-lactamase"
"2352","ARO:3003202","TLA-1","ARO:3006216","VEB-21",1,"class A beta-lactamase","class A beta-lactamase"
"2353","ARO:3003202","TLA-1","ARO:3009080","VEB-28",1,"class A beta-lactamase","class A beta-lactamase"
"2354","ARO:3003204","TLA-3","ARO:3006214","VEB-19",1,"class A beta-lactamase","class A beta-lactamase"
"2355","ARO:3002297","TTU-1","ARO:3007002","VIM-27",1,"class B beta-lactamase","class B beta-lactamase"
"2356","ARO:3002371","VEB-11","ARO:3006208","VEB-2",1,"class A beta-lactamase","class A beta-lactamase"
"2357","ARO:3006208","VEB-11","ARO:3009086","VEB-34",1,"class A beta-lactamase","class A beta-lactamase"
"2358","ARO:3002378","VEB-14","ARO:3006211","VEB-9",1,"class A beta-lactamase","class A beta-lactamase"
"2359","ARO:3006213","VEB-17","ARO:3006219","VEB-24",1,"class A beta-lactamase","class A beta-lactamase"
"2360","ARO:3002375","VEB-18","ARO:3009079","VEB-5",1,"class A beta-lactamase","class A beta-lactamase"
"2361","ARO:3002371","VEB-2","ARO:3009083","VEB-31",1,"class A beta-lactamase","class A beta-lactamase"
"2362","ARO:3002371","VEB-2","ARO:3009086","VEB-34",1,"class A beta-lactamase","class A beta-lactamase"
"2363","ARO:3002376","VEB-21","ARO:3006216","VEB-7",1,"class A beta-lactamase","class A beta-lactamase"
"2364","ARO:3002271","VIM-1","ARO:3002281","VIM-11",1,"class B beta-lactamase","class B beta-lactamase"
"2365","ARO:3002271","VIM-1","ARO:3002274","VIM-4",1,"class B beta-lactamase","class B beta-lactamase"
"2366","ARO:3002271","VIM-1","ARO:3002276","VIM-6",1,"class B beta-lactamase","class B beta-lactamase"
"2367","ARO:3002276","VIM-11","ARO:3002281","VIM-6",1,"class B beta-lactamase","class B beta-lactamase"
"2368","ARO:3005500","VIM-47","ARO:3005495","VIM-52",1,"class B beta-lactamase","class B beta-lactamase"
"2369","ARO:3005500","VIM-52","ARO:3005517","VIM-69",1,"class B beta-lactamase","class B beta-lactamase"
"2370","ARO:3002601","aadA","ARO:3003197","aadA25",1,"ant","ant"
"2371","ARO:3004692","aadA10","ARO:3002606","aadA6",1,"ant","ant"
"2372","ARO:3002612","aadA12","ARO:3002602","aadA2",1,"ant","ant"
"2373","ARO:3002616","aadA16","ARO:3002598","ANT(3'')-II-AAC(6')-IId bifunctional protein",1,"ant","bifunctional aminoglycoside"
"2374","ARO:3002606","aadA16","ARO:3002616","aadA6",1,"ant","ant"
"2375","ARO:3002616","aadA16","ARO:3002607","aadA7",1,"ant","ant"
"2376","ARO:3002602","aadA17","ARO:3002617","aadA2",1,"ant","ant"
"2377","ARO:3002603","aadA17","ARO:3002617","aadA3",1,"ant","ant"
"2378","ARO:3002602","aadA2","ARO:3000230","ANT(2'')-Ia",1,"ant","ant"
"2379","ARO:3002619","aadA22","ARO:3002621","aadA24",1,"ant","ant"
"2380","ARO:3002619","aadA22","ARO:3003197","aadA25",1,"ant","ant"
"2381","ARO:3002619","aadA22","ARO:3002622","aadA6/aadA10",1,"ant","ant"
"2382","ARO:3002606","aadA6","ARO:3002622","aadA6/aadA10",1,"ant","ant"
"2383","ARO:3002608","aadA8","ARO:3004704","aadA8b",1,"ant","ant"
"2384","ARO:3000777","adeF","ARO:3003031","MexW",1,"efflux pump","efflux pump"
"2385","ARO:3002848","arr-2","ARO:3002847","arr-3",1,"rifampin inactivation enzyme","rifampin inactivation enzyme"
"2386","ARO:3002849","arr-2","ARO:3002847","arr-4",1,"rifampin inactivation enzyme","rifampin inactivation enzyme"
"2387","ARO:3002847","arr-2","ARO:3002693","cmlA1",1,"rifampin inactivation enzyme","MFS efflux pump"
"2388","ARO:3002847","arr-2","ARO:3002695","cmlA5",1,"rifampin inactivation enzyme","MFS efflux pump"
"2389","ARO:3002849","arr-4","ARO:3002850","arr-5",1,"rifampin inactivation enzyme","rifampin inactivation enzyme"
"2390","ARO:3002849","arr-4","ARO:3002852","arr-7",1,"rifampin inactivation enzyme","rifampin inactivation enzyme"
"2391","ARO:3002325","blaC","ARO:3007182","KPC-15",1,"class A beta-lactamase","class A beta-lactamase"
"2392","ARO:3003565","blaC","ARO:3007182","R39",1,"class A beta-lactamase","class A beta-lactamase"
"2393","ARO:3003562","blaF","ARO:3009008","PEN-A2",1,"class A beta-lactamase","class A beta-lactamase"
"2394","ARO:3003562","blaF","ARO:3009012","PEN-A33",1,"class A beta-lactamase","class A beta-lactamase"
"2395","ARO:3003562","blaF","ARO:3009022","PEN-A9",1,"class A beta-lactamase","class A beta-lactamase"
"2396","ARO:3005111","blaS1","ARO:3009024","PEN-B2",1,"class A beta-lactamase","class A beta-lactamase"
"2397","ARO:3002817","carA","ARO:3002828","srmB",1,"abcF","abcF"
"2398","ARO:3002683","catA1","ARO:3002689","Plasmid-encoded cat (pp-cat)",1,"cat","cat"
"2399","ARO:3004657","catA4","ARO:3002689","Plasmid-encoded cat (pp-cat)",1,"cat","cat"
"2400","ARO:3004456","catA8","ARO:3004658","Enterococcus faecium chloramphenicol acetyltransferase",1,"cat","cat"
"2401","ARO:3004660","catB10","ARO:3003110","catB11",1,"cat","cat"
"2402","ARO:3002675","catB10","ARO:3003110","catB2",1,"cat","cat"
"2403","ARO:3002680","catB10","ARO:3003110","catB8",1,"cat","cat"
"2404","ARO:3004660","catB11","ARO:3002676","catB3",1,"cat","cat"
"2405","ARO:3002679","catB2","ARO:3002675","Pseudomonas aeruginosa catB7",1,"cat","cat"
"2406","ARO:3002675","catB2","ARO:3002681","catB9",1,"cat","cat"
"2407","ARO:3002676","catB3","ARO:3002678","Pseudomonas aeruginosa catB6",1,"cat","cat"
"2408","ARO:3002679","catB3","ARO:3002676","Pseudomonas aeruginosa catB7",1,"cat","cat"
"2409","ARO:3002680","catB8","ARO:3002678","Pseudomonas aeruginosa catB6",1,"cat","cat"
"2410","ARO:3004656","catII","ARO:3002684","catII from Escherichia coli K-12",1,"cat","cat"
"2411","ARO:3002674","catQ","ARO:3002687","Clostridium butyricum catB",1,"cat","cat"
"2412","ARO:3002674","catV","ARO:3004357","Clostridium butyricum catB",1,"cat","cat"
"2413","ARO:3003559","cepA","ARO:3006942","LUS-1",1,"class A beta-lactamase","class A beta-lactamase"
"2414","ARO:3003202","cepA","ARO:3003559","TLA-1",1,"class A beta-lactamase","class A beta-lactamase"
"2415","ARO:3003204","cepA","ARO:3003559","TLA-3",1,"class A beta-lactamase","class A beta-lactamase"
"2416","ARO:3002816","cfr(B)","ARO:3004649","clbC",1,"target-modifying enzyme","target-modifying enzyme"
"2417","ARO:3002814","cfrA","ARO:3003441","clbA",1,"target-modifying enzyme","target-modifying enzyme"
"2418","ARO:3004146","cfrC","ARO:3003907","cipA",1,"target-modifying enzyme","target-modifying enzyme"
"2419","ARO:3002695","cmlA1","ARO:3002693","cmlA5",1,"MFS efflux pump","MFS efflux pump"
"2420","ARO:3002702","cmrA","ARO:3002690","Streptomyces lividans cmlR",1,"MFS efflux pump","MFS efflux pump"
"2421","ARO:3003093","cphA3","ARO:3003100","cphA4",1,"class B beta-lactamase","class B beta-lactamase"
"2422","ARO:3003101","cphA5","ARO:3006924","CVI-1",1,"class B beta-lactamase","class B beta-lactamase"
"2423","ARO:3003103","cphA7","ARO:3006924","CVI-1",1,"class B beta-lactamase","class B beta-lactamase"
"2424","ARO:3005064","cprR","ARO:3005063","cprS",1,"efflux pump","efflux pump"
"2425","ARO:3003013","dfrA15","ARO:3005347","DfrA37",1,"dfr","dfr"
"2426","ARO:3004640","dfrA15","ARO:3003013","dfrA15b",1,"dfr","dfr"
"2427","ARO:3003013","dfrA15","ARO:3004644","dfrA6 from Proteus mirabilis",1,"dfr","dfr"
"2428","ARO:3004640","dfrA15b","ARO:3005347","DfrA37",1,"dfr","dfr"
"2429","ARO:3002860","dfrA17","ARO:3004550","dfrA27",1,"dfr","dfr"
"2430","ARO:3002860","dfrA17","ARO:3005084","dfrA31",1,"dfr","dfr"
"2431","ARO:3002860","dfrA17","ARO:3002862","dfrA7",1,"dfr","dfr"
"2432","ARO:3002861","dfrA30","ARO:3004552","dfrA5",1,"dfr","dfr"
"2433","ARO:3004547","dfrA31","ARO:3005084","dfrA6",1,"dfr","dfr"
"2434","ARO:3004644","dfrA6","ARO:3004547","dfrA6 from Proteus mirabilis",1,"dfr","dfr"
"2435","ARO:3005350","dfrB1","ARO:3002864","DfrB9",1,"dfr","dfr"
"2436","ARO:3003023","dfrB10","ARO:3007489","dfrB6",1,"dfr","dfr"
"2437","ARO:3003021","dfrB11","ARO:3007490","dfrB2",1,"dfr","dfr"
"2438","ARO:3003023","dfrB11","ARO:3007490","dfrB6",1,"dfr","dfr"
"2439","ARO:3003021","dfrB2","ARO:3003023","dfrB6",1,"dfr","dfr"
"2440","ARO:3002868","dfrD","ARO:3002866","dfrG",1,"dfr","dfr"
"2441","ARO:3000074","emrB","ARO:3000254","emrY",1,"efflux pump","efflux pump"
"2442","ARO:3004606","erm(40)","ARO:3004596","erm(46)",1,"erm","erm"
"2443","ARO:3000375","erm(45)","ARO:3004595","ErmB",1,"erm","erm"
"2444","ARO:3004643","erm(46)","ARO:3004596","Erm(K)",1,"erm","erm"
"2445","ARO:3003094","imiH","ARO:3007005","YEM-1",1,"class B beta-lactamase","class B beta-lactamase"
"2446","ARO:3003762","lnuA","ARO:3002835","lnuE",1,"lnu","lnu"
"2447","ARO:3002838","lnuD","ARO:3004601","LnuP",1,"lnu","lnu"
"2448","ARO:3003046","major facilitator superfamily (MFS) antibiotic efflux pump","ARO:0010002","qacA",1,"MFS efflux pump","MFS efflux pump"
"2449","ARO:3003047","major facilitator superfamily (MFS) antibiotic efflux pump","ARO:0010002","qacB",1,"MFS efflux pump","MFS efflux pump"
"2450","ARO:3003549","mdtO","ARO:3003550","mdtP",1,"efflux pump","efflux pump"
"2451","ARO:3000026","mepA","ARO:3000112","multidrug and toxic compound extrusion (MATE) transporter",1,"efflux pump","efflux pump"
"2452","ARO:3000318","mphB","ARO:3000319","mphC",1,"mph","mph"
"2453","ARO:3003072","mphL","ARO:3004542","mphN",1,"mph","mph"
"2454","ARO:3000251","msr(G)","ARO:3007042","msrA",1,"abcF","abcF"
"2455","ARO:3002819","msr(G)","ARO:3007042","msrC",1,"abcF","abcF"
"2456","ARO:3007042","msr(G)","ARO:3005087","msrF",1,"abcF","abcF"
"2457","ARO:3002819","msrC","ARO:3005087","msrF",1,"abcF","abcF"
"2458","ARO:3007110","nimB","ARO:3004655","nimH",1,"nim","nim"
"2459","ARO:3007108","nimF","ARO:3007109","nimG",1,"nim","nim"
"2460","ARO:3000410","qacEdelta1","ARO:3005010","sul1",1,"sul","MFS efflux pump"
"2461","ARO:3000190","tet(32)","ARO:3000196","tet(O)",1,"tet RPG","tet RPG"
"2462","ARO:3007120","tet(32)","ARO:3000196","tet(O/M/O)",1,"tet RPG","tet RPG"
"2463","ARO:3000197","tet(36)","ARO:3000193","tet(T)",1,"tet RPG","tet RPG"
"2464","ARO:3000186","tet(44)","ARO:3000556","tet(M)",1,"tet RPG","tet RPG"
"2465","ARO:3000178","tet(45)","ARO:3003196","tet(K)",1,"MFS efflux pump","MFS efflux pump"
"2466","ARO:3000165","tet(62)","ARO:3007492","tet(A)",1,"MFS efflux pump","MFS efflux pump"
"2467","ARO:3000178","tet(63)","ARO:3007493","tet(K)",1,"MFS efflux pump","MFS efflux pump"
"2468","ARO:3000183","tet(65)","ARO:3007838","tet(Z)",1,"MFS efflux pump","MFS efflux pump"
"2469","ARO:3000166","tet(B)","ARO:3003479","tetR",1,"MFS efflux pump","efflux pump"
"2470","ARO:3007120","tet(M)","ARO:3000186","tet(O/M/O)",1,"tet RPG","tet RPG"
"2471","ARO:3000186","tet(M)","ARO:3000195","tetB(P)",1,"tet RPG","tet RPG"
"2472","ARO:3007119","tet(O)","ARO:3000190","tet(O/32/O)",1,"tet RPG","tet RPG"
"2473","ARO:3007122","tet(O)","ARO:3000190","tet(O/W/32/O)",1,"tet RPG","tet RPG"
"2474","ARO:3007123","tet(O/W/O)","ARO:3000194","tet(W)",1,"tet RPG","tet RPG"
"2475","ARO:3000191","tet(Q)","ARO:3000193","tet(T)",1,"tet RPG","tet RPG"
"2476","ARO:3000205","tet(X)","ARO:3004719","tet(X3)",1,"tet enzyme","tet enzyme"
"2477","ARO:3004720","tet(X3)","ARO:3004719","tet(X4)",1,"tet enzyme","tet enzyme"
"2478","ARO:3000010","vanA","ARO:3000013","vanB",1,"van","van"
"2479","ARO:3002908","vanA","ARO:3000010","vanF",1,"van","van"
"2480","ARO:3002911","vanA","ARO:3000010","vanM",1,"van","van"
"2481","ARO:3002913","vanD","ARO:3000005","vanO",1,"van","van"
"2482","ARO:3000005","vanD","ARO:3007189","vanP",1,"van","van"
"2483","ARO:3002911","vanF","ARO:3002908","vanM",1,"van","van"
"2484","ARO:3002942","vanH gene in vanA cluster","ARO:3002943","vanH gene in vanB cluster",1,"van","van"
"2485","ARO:3002945","vanH gene in vanA cluster","ARO:3002942","vanH gene in vanF cluster",1,"van","van"
"2486","ARO:3002942","vanH gene in vanA cluster","ARO:3007188","vanH gene in vanP cluster",1,"van","van"
"2487","ARO:3002919","vanR gene in vanA cluster","ARO:3002931","vanS gene in vanA cluster",1,"van","van"
"2488","ARO:3002922","vanR gene in vanC cluster","ARO:3002926","vanR gene in vanG cluster",1,"van","van"
"2489","ARO:3002922","vanR gene in vanC cluster","ARO:3002929","vanR gene in vanN cluster",1,"van","van"
"2490","ARO:3002923","vanR gene in vanD cluster","ARO:3002933","vanS gene in vanC cluster",1,"van","van"
"2491","ARO:3003728","vanR gene in vanI cluster","ARO:3007191","vanR gene in vanP cluster",1,"van","van"
"2492","ARO:3003728","vanR gene in vanI cluster","ARO:3002931","vanS gene in vanA cluster",1,"van","van"
"2493","ARO:3002937","vanS gene in vanC cluster","ARO:3002933","vanS gene in vanG cluster",1,"van","van"
"2494","ARO:3002972","vanT gene in vanC cluster","ARO:3002970","vanT gene in vanG cluster",1,"van","van"
"2495","ARO:3002949","vanX gene in vanA cluster","ARO:3002950","vanX gene in vanB cluster",1,"van","van"
"2496","ARO:3002949","vanX gene in vanA cluster","ARO:3007190","vanX gene in vanP cluster",1,"van","van"
"2497","ARO:3002952","vanX gene in vanB cluster","ARO:3002950","vanX gene in vanF cluster",1,"van","van"
"2498","ARO:3003725","vanX gene in vanD cluster","ARO:3003070","vanX gene in vanI cluster",1,"van","van"
"2499","ARO:3003725","vanX gene in vanI cluster","ARO:3007190","vanX gene in vanP cluster",1,"van","van"
"2500","ARO:3002966","vanXY gene in vanC cluster","ARO:3003069","vanXY gene in vanG cluster",1,"van","van"
"2501","ARO:3002842","vatA","ARO:3002840","vatC",1,"vat","vat"
"2502","ARO:3002841","vatB","ARO:3002844","vatE",1,"vat","vat"
"2503","ARO:3002845","vatC","ARO:3002842","vatH",1,"vat","vat"
"2504","ARO:3002845","vatH","ARO:3003987","VatI",1,"vat","vat"
"2505","ARO:3004715","vga(E) Staphylococcus cohnii","ARO:3002832","vgaD",1,"abcF","abcF"
"2506","ARO:3002833","vgaC","ARO:3002831","vgaE",1,"abcF","abcF"
